,type,taxes,area,garage,pricePerSqFt,mlsNumber,lotSize,levels,built,maintenance,address,bath,beds,parking,listingDate,listingPrice,soldDate,soldPrice
0,Single Family Residence,"$4,437",1711 sqft,No,$525,R2582392,,Residential,1985,,"19588 114b Ave, Pitt Meadows, BC",3,4,0,17/05/2021,"$899,000",20/05/2021,"$970,000"
1,Single Family Residence,"$4,541",3673 sqft,Yes,$541,R2563088,,Residential,2008,,"17364 Kennedy Rd, Pitt Meadows, BC",6,4,0,06/04/2021,"$1,988,800",19/05/2021,"$1,800,000"
2,Single Family Residence,"$5,066",2306 sqft,Yes,$446,R2567214,,Residential,1989,,"12163 Bonson Rd, Pitt Meadows, BC",2,5,0,13/04/2021,"$1,029,888",20/04/2021,"$1,070,000"
3,Single Family Residence,"$5,676",2491 sqft,Yes,$597,R2660370,,Residential,2006,,"19266 Streamstone Walk, Pitt Meadows, BC",2,4,4,02/03/2022,"$1,488,900",13/03/2022,"$1,600,000"
4,Single Family Residence,"$4,693",1770 sqft,No,$536,R2585033,,Residential,1972,,"19387 120 B Ave, Pitt Meadows, BC",1,3,0,24/05/2021,"$949,900",26/05/2021,"$1,105,000"
5,Single Family Residence,"$4,735",1534 sqft,No,$651,R2585055,,Residential,1975,,"18882 120 Ave, Pitt Meadows, BC",1,3,0,24/05/2021,"$999,000",25/05/2021,"$990,000"
6,Multi Family,,1920 sqft,Yes,$515,R2582024,,Residential,2022,,"19451 Sutton Ave, Pitt Meadows, BC",3,4,0,13/05/2021,"$989,900",30/05/2021,"$989,900"
7,Townhouse,"$3,223",1914 sqft,Yes,$313,R2584640,,Residential,1990,,"19252 119 Ave, Pitt Meadows, BC",2,3,0,23/05/2021,"$599,900",30/05/2021,"$675,000"
8,Townhouse,"$3,221",1587 sqft,Yes,$377,R2595132,,Residential,1992,,"19060 Ford Rd, Pitt Meadows, BC",2,3,0,21/06/2021,"$599,000",22/06/2021,"$617,500"
9,Single Family Residence,"$5,479",2813 sqft,Yes,$497,R2594232,,Residential,2004,,"11255 Tully Cres, Pitt Meadows, BC",2,4,0,17/06/2021,"$1,399,000",24/06/2021,"$1,470,000"
10,Single Family Residence,"$5,144",2370 sqft,Yes,$451,R2591330,,Residential,1989,,"12377 188a St, Pitt Meadows, BC",3,4,0,08/06/2021,"$1,070,000",30/06/2021,"$1,081,111"
11,Townhouse,"$3,093",1251 sqft,Yes,$459,R2577931,,Residential,1993,,"6 - 12188 Harris Rd, Pitt Meadows, BC",3,2,2,09/05/2021,"$575,000",03/07/2021,"$575,000"
12,Townhouse,"$4,219",1395 sqft,No,$573,R2879115,,Residential,2005,,"24 - 11067 Barnston View Rd, Pitt Meadows, BC",2,2,2,05/05/2024,"$799,900",08/05/2024,"$810,000"
13,Townhouse,"$3,418",1423 sqft,Yes,$512,R2761151,,Residential,1992,,"14 - 12188 Harris Rd, Pitt Meadows, BC",2,3,2,19/03/2023,"$729,000",21/03/2023,"$729,000"
14,Single Family Residence,"$4,552",2376 sqft,Yes,$378,R2597280,,Residential,1998,,"19781 Sunset Lane, Pitt Meadows, BC",2,4,4,27/06/2021,"$899,999",04/07/2021,"$900,000"
15,Single Family Residence,"$5,709",2874 sqft,Yes,$487,R2589188,,Residential,2015,,"18962 119b Ave, Pitt Meadows, BC",2,4,0,03/06/2021,"$1,399,888",23/06/2021,"$1,370,000"
16,Townhouse,"$3,559",1347 sqft,No,$518,R2605548,,Residential,2008,,"67 - 19572 Fraser Way, Pitt Meadows, BC",2,2,2,26/07/2021,"$699,000",28/07/2021,"$707,500"
17,Single Family Residence,"$5,517",2601 sqft,Yes,$645,R2561730,,Residential,1990,,"15222 Harris Rd, Pitt Meadows, BC",3,3,8,06/04/2021,"$1,680,000",31/07/2021,"$1,652,250"
18,Apartment/Condominium,"$2,845",765 sqft,Yes,$744,R2894362,,Residential,2015,,"204 - 12409 Harris Rd, Pitt Meadows, BC",2,2,1,11/06/2024,"$569,900",18/06/2024,"$565,000"
19,Townhouse,"$3,486",1663 sqft,Yes,$414,R2605779,,Residential,1990,,"51 - 19160 119 Ave, Pitt Meadows, BC",2,3,2,28/07/2021,"$689,900",29/07/2021,"$695,000"
20,Single Family Residence,"$5,920",2789 sqft,Yes,$501,R2603747,,Residential,2004,,"19634 Alouette Blvd, Pitt Meadows, BC",2,3,4,20/07/2021,"$1,399,000",26/07/2021,"$1,537,500"
21,Apartment/Condominium,"$2,768",1137 sqft,Yes,$417,R2605575,,Residential,1996,,"210 - 11960 Harris Rd, Pitt Meadows, BC",2,2,2,27/07/2021,"$475,000",02/08/2021,"$485,000"
22,Apartment/Condominium,"$2,347",587 sqft,Yes,$715,R2593118,,Residential,2014,,"108 - 12655 190a St, Pitt Meadows, BC",1,1,1,14/06/2021,"$419,900",25/07/2021,"$405,000"
23,Apartment/Condominium,"$2,546",1259 sqft,Yes,$420,R2603736,,Residential,1995,,"305 - 19131 Ford Rd, Pitt Meadows, BC",2,2,2,20/07/2021,"$529,900",25/07/2021,"$551,000"
24,Apartment/Condominium,"$3,373",1045 sqft,Yes,$592,R2609234,,Residential,2010,,"801 - 12079 Harris Rd, Pitt Meadows, BC",2,2,1,11/08/2021,"$619,000",29/08/2021,"$603,000"
25,Single Family Residence,"$4,951",2920 sqft,Yes,$475,R2611017,,Residential,1976,,"19512 120 Ave, Pitt Meadows, BC",3,5,5,18/08/2021,"$1,389,000",29/08/2021,"$1,405,000"
26,Multi Family,"$3,814",2130 sqft,Yes,$604,R2682421,,Residential,1999,,"12548 188 St, Pitt Meadows, BC",2,4,6,25/04/2022,"$1,288,000",-,-
27,Single Family Residence,"$5,465",2707 sqft,Yes,$517,R2606101,,Residential,1997,,"19866 Fairfield Ave, Pitt Meadows, BC",3,5,6,29/07/2021,"$1,399,900",30/08/2021,"$1,390,000"
28,Single Family Residence,"$5,199",2273 sqft,Yes,$439,R2610236,,Residential,1989,,"12316 188a St, Pitt Meadows, BC",3,5,6,16/08/2021,"$999,000",30/08/2021,"$1,100,000"
29,Townhouse,"$3,322",1231 sqft,Yes,$499,R2611594,,Residential,1991,,"16 - 19270 119 Ave, Pitt Meadows, BC",2,2,3,21/08/2021,"$615,000",30/08/2021,"$650,000"
30,Apartment/Condominium,"$3,065",910 sqft,Yes,$659,R2774436,,Residential,2012,,"310 - 12525 190a St, Pitt Meadows, BC",2,2,2,03/05/2023,"$599,900",14/05/2023,"$595,000"
31,Single Family Residence,"$5,144",2209 sqft,No,$497,R2611657,,Residential,1989,,"12369 188a St, Pitt Meadows, BC",3,3,4,20/08/2021,"$1,099,900",30/08/2021,"$1,200,000"
32,Single Family Residence,"$5,227",2535 sqft,Yes,$488,R2619324,,Residential,1992,,"19352 Park Rd, Pitt Meadows, BC",2,3,0,19/09/2021,"$1,239,000",20/09/2021,"$1,239,000"
33,Single Family Residence,"$1,163",2902 sqft,Yes,$758,R2638952,,Residential,1978,,"17456 Kennedy Rd, Pitt Meadows, BC",3,4,10,13/12/2021,"$2,199,800",09/01/2022,"$2,250,000"
34,Townhouse,"$3,109",960 sqft,Yes,$505,R2614039,,Residential,1988,,"8 - 18960 Advent Rd, Pitt Meadows, BC",2,2,1,01/09/2021,"$485,000",18/09/2021,"$470,000"
35,Apartment/Condominium,"$2,657",810 sqft,Yes,$617,R2614494,,Residential,2008,,"205 - 11950 Harris Rd, Pitt Meadows, BC",2,2,2,07/09/2021,"$499,999",15/09/2021,"$503,000"
36,Single Family Residence,"$4,511",2278 sqft,Yes,$521,R2617191,,Residential,1980,,"19760 Wildcrest Ave, Pitt Meadows, BC",3,4,5,12/09/2021,"$1,188,800",19/09/2021,"$1,315,000"
37,Single Family Residence,"$4,409",1262 sqft,No,$782,R2616016,,Residential,1992,,"19358 Cusick Cres, Pitt Meadows, BC",2,3,4,06/09/2021,"$988,000",19/09/2021,"$965,000"
38,Apartment/Condominium,"$3,786",1329 sqft,Yes,$564,R2618456,,Residential,2007,,"304 - 19677 Meadow Gardens Way, Pitt Meadows, BC",2,2,2,15/09/2021,"$750,000",18/09/2021,"$775,000"
39,Townhouse,"$4,711",1855 sqft,Yes,$619,R2831143,,Residential,2005,,"17 - 19452 Fraser Way, Pitt Meadows, BC",2,3,4,07/11/2023,"$1,149,900",14/11/2023,"$1,150,000"
40,Single Family Residence,"$4,698",1247 sqft,Yes,$801,R2624937,,Residential,1973,,"11721 Blakely Rd, Pitt Meadows, BC",1,3,3,11/10/2021,"$999,000",16/10/2021,"$1,200,030"
41,Single Family Residence,"$4,841",2429 sqft,No,$524,R2623826,,Residential,1976,,"12028 Bonson Rd, Pitt Meadows, BC",2,4,5,04/10/2021,"$1,274,950",17/10/2021,"$1,275,000"
42,Apartment/Condominium,"$2,910",1015 sqft,Yes,$522,R2622413,,Residential,2007,,"324 - 12350 Harris Rd, Pitt Meadows, BC",2,2,2,29/09/2021,"$529,900",07/10/2021,"$525,000"
43,Apartment/Condominium,"$3,244",985 sqft,Yes,$689,R2615948,,Residential,2010,,"805 - 12079 Harris Rd, Pitt Meadows, BC",2,2,2,08/09/2021,"$678,800",18/10/2021,"$630,000"
44,Townhouse,"$3,128",1060 sqft,Yes,$556,R2623305,,Residential,1994,,"22 - 19034 Mcmyn Rd, Pitt Meadows, BC",2,2,2,03/10/2021,"$589,900",18/10/2021,"$585,000"
45,Townhouse,"$5,698",2052 sqft,Yes,$632,R2624904,,Residential,2006,,"50 - 19452 Fraser Way, Pitt Meadows, BC",2,3,3,11/10/2021,"$1,298,000",18/10/2021,"$1,383,000"
46,Apartment/Condominium,"$2,746",1165 sqft,Yes,$496,R2790406,,Residential,1992,,"201 - 19241 Ford Rd, Pitt Meadows, BC",2,2,1,19/06/2023,"$579,000",30/06/2023,"$565,000"
47,Townhouse,"$3,500",1277 sqft,Yes,$579,R2617957,,Residential,2009,,"21 - 19538 Bishops Reach, Pitt Meadows, BC",2,2,2,14/09/2021,"$739,900",11/10/2021,"$730,000"
48,Apartment/Condominium,"$3,290",1208 sqft,Yes,$562,R2628976,,Residential,2007,,"129 - 19677 Meadow Gardens Way, Pitt Meadows, BC",2,2,2,26/10/2021,"$679,000",03/11/2021,"$647,500"
49,Townhouse,,1350 sqft,No,$666,R2630866,,Residential,2022,,"183 - 19451 Sutton Ave, Pitt Meadows, BC",2,3,2,02/11/2021,"$899,900",08/11/2021,"$899,900"
50,Apartment/Condominium,"$3,065",909 sqft,Yes,$677,R2631482,,Residential,2014,,"204 - 12635 190 A St, Pitt Meadows, BC",2,2,2,04/11/2021,"$615,800",15/11/2021,"$625,000"
51,Manufactured Home,"$1,166",940 sqft,No,$424,R2630143,,Residential,1996,,"117 - 11942 Pinyon Dr, Pitt Meadows, BC",1,2,2,31/10/2021,"$399,000",08/11/2021,"$390,000"
52,Apartment/Condominium,"$2,483",750 sqft,Yes,$612,R2628409,,Residential,2008,,"310 - 19677 Meadow Gardens Way, Pitt Meadows, BC",1,1,1,24/10/2021,"$459,000",04/11/2021,"$450,000"
53,Apartment/Condominium,"$2,735",1159 sqft,Yes,$414,R2630264,,Residential,1993,,"210 - 19121 Ford Rd, Pitt Meadows, BC",2,2,2,01/11/2021,"$479,900",08/11/2021,"$560,000"
54,Manufactured Home,"$1,437",905 sqft,No,$573,R2629707,,Residential,2020,,"61 - 11907 Pinyon Dr, Pitt Meadows, BC",2,2,3,30/10/2021,"$519,000",02/11/2021,"$556,000"
55,Single Family Residence,"$5,828",2977 sqft,Yes,$469,R2632106,,Residential,2005,,"11252 Southgate Rd, Pitt Meadows, BC",2,4,4,07/11/2021,"$1,399,000",14/11/2021,"$1,600,200"
56,Townhouse,"$3,773",1525 sqft,Yes,$518,R2633734,,Residential,2002,,"13 - 19148 124 Ave, Pitt Meadows, BC",2,3,0,15/11/2021,"$790,000",07/12/2021,"$818,000"
57,Apartment/Condominium,"$2,873",1260 sqft,Yes,$460,R2636057,,Residential,1994,,"112 - 19142 122 Ave, Pitt Meadows, BC",2,2,2,28/11/2021,"$579,900",06/12/2021,"$681,000"
58,Single Family Residence,"$5,383",2317 sqft,Yes,$604,R2636491,,Residential,1989,,"11824 189b St, Pitt Meadows, BC",2,4,6,30/11/2021,"$1,399,785",06/12/2021,"$1,581,785"
59,Single Family Residence,"$5,791",2482 sqft,Yes,$640,R2636811,,Residential,2009,,"19292 Fieldstone Walk, Pitt Meadows, BC",2,4,4,30/11/2021,"$1,588,800",07/12/2021,"$1,617,000"
60,Single Family Residence,"$5,296",2009 sqft,Yes,$547,R2635972,,Residential,2005,,"12138 Mcmyn Ave, Pitt Meadows, BC",2,3,4,25/11/2021,"$1,099,000",06/12/2021,"$1,421,000"
61,Apartment/Condominium,"$3,199",1053 sqft,Yes,$569,R2629974,,Residential,2007,,"425 - 19677 Meadow Gardens Way, Pitt Meadows, BC",2,2,1,28/10/2021,"$599,500",09/12/2021,"$541,000"
62,Townhouse,"$5,381",1866 sqft,Yes,$690,R2636485,,Residential,2009,,"33 - 19538 Bishops Reach, Pitt Meadows, BC",3,3,4,29/11/2021,"$1,288,000",06/12/2021,"$1,415,000"
63,Apartment/Condominium,"$2,767",760 sqft,Yes,$591,R2636824,,Residential,2010,,"906 - 12069 Harris Rd, Pitt Meadows, BC",1,1,1,28/11/2021,"$449,500",05/12/2021,"$495,000"
64,Single Family Residence,"$5,296",3046 sqft,Yes,$524,R2640587,,Residential,1985,,"19716 Wildwood Cres S, Pitt Meadows, BC",2,5,6,03/01/2022,"$1,598,000",07/01/2022,"$1,701,000"
65,Manufactured Home,"$1,322",924 sqft,No,$486,R2638780,,Residential,2004,,"19635 Planetree Lane, Pitt Meadows, BC",2,2,3,11/12/2021,"$449,900",03/01/2022,"$449,900"
66,Townhouse,,1384 sqft,Yes,$670,R2636746,,Residential,2021,,"87 - 19451 Sutton Ave, Pitt Meadows, BC",2,3,2,30/11/2021,"$928,000",29/12/2021,"$957,250"
67,Single Family Residence,"$1,163",2902 sqft,Yes,$758,R2638952,,Residential,1978,,"17456 Kennedy Rd, Pitt Meadows, BC",3,4,10,13/12/2021,"$2,199,800",09/01/2022,"$2,250,000"
68,Single Family Residence,"$4,933",2548 sqft,No,$545,R2889568,,Residential,1974,,"11722 193b St, Pitt Meadows, BC",2,5,0,02/06/2024,"$1,388,880",-,Not Sold Yet
69,Townhouse,"$3,684",1518 sqft,No,$494,R2640811,,Residential,1996,,"53 - 12449 191 St, Pitt Meadows, BC",2,4,2,03/01/2022,"$749,900",10/01/2022,"$800,000"
70,Single Family Residence,"$5,626",2327 sqft,Yes,$639,R2640687,,Residential,2006,,"19275 Fieldstone Walk, Pitt Meadows, BC",2,4,4,02/01/2022,"$1,488,800",09/01/2022,"$1,525,000"
71,Apartment/Condominium,"$3,102",940 sqft,Yes,$723,R2901142,,Residential,2014,,"312 - 12655 190a St, Pitt Meadows, BC",2,2,2,01/07/2024,"$679,900",-,Not Sold Yet
72,Townhouse,"$3,661",1417 sqft,Yes,$585,R2898312,,Residential,2005,,"38 - 11067 Barnston View Rd, Pitt Meadows, BC",2,2,2,23/06/2024,"$829,900",-,Not Sold Yet
73,Single Family Residence,"$4,653",2693 sqft,Yes,$478,R2645748,,Residential,1999,,"19771 Sunset Lane, Pitt Meadows, BC",2,4,4,21/01/2022,"$1,288,000",30/01/2022,"$1,400,000"
74,Multi Family,,2140 sqft,Yes,$602,R2703443,,Residential,2022,,"11731 Blakely Rd, Pitt Meadows, BC",4,4,2,21/06/2022,"$1,290,000",-,-
75,Single Family Residence,"$6,328",5000 sqft,Yes,$920,R2627405,,Residential,2008,,"13411 Sharpe Rd, Pitt Meadows, BC",7,7,10,19/10/2021,"$4,600,000",05/02/2022,"$4,300,000"
76,Single Family Residence,"$5,070",2893 sqft,Yes,$553,R2645871,,Residential,1982,,"19666 Wildwood Cres S, Pitt Meadows, BC",2,4,5,24/01/2022,"$1,599,900",05/02/2022,"$1,525,222"
77,Single Family Residence,"$4,892",2550 sqft,Yes,$588,R2648705,,Residential,1977,,"19548 120b Ave, Pitt Meadows, BC",2,4,6,31/01/2022,"$1,499,900",06/02/2022,"$1,499,900"
78,Apartment/Condominium,"$3,318",1059 sqft,Yes,$565,R2645098,,Residential,2010,,"501 - 12069 Harris Rd, Pitt Meadows, BC",2,2,1,23/01/2022,"$599,000",31/01/2022,"$650,000"
79,Single Family Residence,"$5,708",2860 sqft,Yes,$506,R2645651,,Residential,1990,,"12372 189a St, Pitt Meadows, BC",3,5,8,24/01/2022,"$1,449,900",30/01/2022,"$1,630,000"
80,Townhouse,"$3,368",1260 sqft,No,$554,R2654111,,Residential,1991,,"38 - 19160 119 Ave, Pitt Meadows, BC",2,2,2,14/02/2022,"$699,000",21/02/2022,"$765,000"
81,Multi Family,,1920 sqft,Yes,$692,R2649020,,Residential,2022,,"129 - 19451 Sutton Ave, Pitt Meadows, BC",3,4,2,02/02/2022,"$1,329,900",21/02/2022,"$1,329,900"
82,Townhouse,"$3,671",1561 sqft,No,$383,R2652793,,Residential,1982,,"29 - 12180 189a St, Pitt Meadows, BC",2,3,1,13/02/2022,"$599,000",21/02/2022,"$785,000"
83,Apartment/Condominium,"$2,776",1145 sqft,Yes,$545,R2653893,,Residential,1996,,"210 - 12155 191b St, Pitt Meadows, BC",2,2,2,15/02/2022,"$624,900",21/02/2022,"$688,900"
84,Apartment/Condominium,"$2,815",1065 sqft,Yes,$563,R2652786,,Residential,1994,,"401 - 12464 191b St, Pitt Meadows, BC",2,2,1,13/02/2022,"$599,900",21/02/2022,"$600,000"
85,Townhouse,"$3,067",1124 sqft,Yes,$755,R2656736,,Residential,2021,,"58 - 19696 Hammond Rd, Pitt Meadows, BC",2,3,2,22/02/2022,"$849,000",24/02/2022,"$920,000"
86,Apartment/Condominium,"$3,121",1051 sqft,Yes,$607,R2654180,,Residential,2019,,"204 - 12460 191 St, Pitt Meadows, BC",2,2,2,16/02/2022,"$638,000",24/02/2022,"$681,000"
87,Apartment/Condominium,"$2,507",978 sqft,Yes,$560,R2653849,,Residential,1993,,"101 - 19122 122 Ave, Pitt Meadows, BC",1,1,2,15/02/2022,"$548,000",22/02/2022,"$548,000"
88,Apartment/Condominium,"$3,006",900 sqft,Yes,$709,R2662388,,Residential,2012,,"105 - 12525 190a St, Pitt Meadows, BC",2,2,2,07/03/2022,"$638,800",08/03/2022,"$700,000"
89,Townhouse,"$3,211",1566 sqft,Yes,$501,R2658809,,Residential,1991,,"56 - 19060 Ford Rd, Pitt Meadows, BC",2,3,2,28/02/2022,"$785,000",08/03/2022,"$810,000"
90,Apartment/Condominium,"$2,827",866 sqft,Yes,$713,R2660364,,Residential,2019,,"210 - 12460 191 St, Pitt Meadows, BC",2,2,1,01/03/2022,"$618,000",07/03/2022,"$615,000"
91,Single Family Residence,"$4,887",2562 sqft,No,$584,R2659214,,Residential,1976,,"11548 196b St, Pitt Meadows, BC",2,5,6,28/02/2022,"$1,497,500",10/03/2022,"$1,500,000"
92,Apartment/Condominium,"$3,079",900 sqft,Yes,$721,R2660509,,Residential,2013,,"304 - 12565 190a St, Pitt Meadows, BC",2,2,2,03/03/2022,"$649,000",07/03/2022,"$640,000"
93,Manufactured Home,"$1,290",833 sqft,No,$540,R2658936,,Residential,2005,,"37 - 19677 Poplar Dr, Pitt Meadows, BC",2,2,2,27/02/2022,"$449,900",08/03/2022,"$461,500"
94,Single Family Residence,"$4,938",2095 sqft,No,$643,R2659790,,Residential,1973,,"19340 Hammond Rd, Pitt Meadows, BC",3,5,3,01/03/2022,"$1,349,000",08/03/2022,"$1,480,000"
95,Multi Family,"$4,208",1649 sqft,Yes,$587,R2837746,,Residential,1992,,"12165 Mcmyn Ave, Pitt Meadows, BC",2,4,4,12/12/2023,"$969,000",-,-
96,Single Family Residence,"$5,075",2097 sqft,Yes,$667,R2661744,,Residential,1988,,"19630 Park Rd, Pitt Meadows, BC",2,4,6,08/03/2022,"$1,399,900",23/03/2022,"$1,335,000"
97,Apartment/Condominium,"$3,153",956 sqft,Yes,$711,R2668769,,Residential,2012,,"413 - 12655 190a St, Pitt Meadows, BC",2,2,2,23/03/2022,"$680,000",24/03/2022,"$730,000"
98,Single Family Residence,"$5,552",2085 sqft,Yes,$671,R2665477,,Residential,1989,,"12318 194a St, Pitt Meadows, BC",2,4,6,15/03/2022,"$1,400,000",23/03/2022,"$1,360,000"
99,Single Family Residence,"$4,965",1807 sqft,Yes,$718,R2665014,,Residential,1986,,"19544 Park Rd, Pitt Meadows, BC",2,3,4,14/03/2022,"$1,299,000",21/03/2022,"$1,304,000"
100,Apartment/Condominium,"$2,905",866 sqft,Yes,$749,R2667529,,Residential,2019,,"422 - 12460 191 St, Pitt Meadows, BC",2,2,1,21/03/2022,"$649,000",24/03/2022,"$649,000"
101,Apartment/Condominium,"$3,143",1173 sqft,Yes,$639,R2663702,,Residential,2007,,"320 - 12350 Harris Rd, Pitt Meadows, BC",2,3,2,10/03/2022,"$749,900",27/03/2022,"$745,000"
102,Townhouse,"$3,229",1631 sqft,Yes,$429,R2901992,,Residential,1992,,"36 - 19060 Ford Rd, Pitt Meadows, BC",2,3,2,03/07/2024,"$699,900",-,Not Sold Yet
103,Single Family Residence,"$4,882",2404 sqft,Yes,$613,R2661988,,Residential,1971,,"19324 120 Ave, Pitt Meadows, BC",2,4,5,05/03/2022,"$1,475,000",26/03/2022,"$1,467,500"
104,Apartment/Condominium,"$3,092",843 sqft,Yes,$711,R2896377,,Residential,2007,,"404 - 19673 Meadow Gardens Way, Pitt Meadows, BC",1,1,1,17/06/2024,"$599,900",-,Not Sold Yet
105,Townhouse,"$3,528",1399 sqft,Yes,$482,R2672953,,Residential,1996,,"42 - 12449 191 St, Pitt Meadows, BC",1,3,2,04/04/2022,"$675,000",07/04/2022,"$755,000"
106,Single Family Residence,"$5,107",1690 sqft,Yes,$709,R2673246,,Residential,1989,,"19637 Maple Pl, Pitt Meadows, BC",2,3,6,04/04/2022,"$1,198,800",10/04/2022,"$1,150,000"
107,Apartment/Condominium,"$3,038",940 sqft,Yes,$690,R2760896,,Residential,2013,,"207 - 12565 190a St, Pitt Meadows, BC",2,2,2,19/03/2023,"$649,000",13/04/2023,"$640,000"
108,Apartment/Condominium,"$3,547",1221 sqft,Yes,$572,R2673114,,Residential,2007,,"329 - 19673 Meadow Gardens Way, Pitt Meadows, BC",2,2,2,04/04/2022,"$699,000",09/04/2022,"$842,000"
109,Single Family Residence,"$5,140",2238 sqft,Yes,$580,R2673713,,Residential,1988,,"19712 Cedar Lane, Pitt Meadows, BC",2,4,4,04/04/2022,"$1,299,900",11/04/2022,"$1,380,000"
110,Single Family Residence,"$5,259",2107 sqft,Yes,$701,R2672979,,Residential,1982,,"11601 Bonson Rd, Pitt Meadows, BC",2,3,6,04/04/2022,"$1,478,000",11/04/2022,"$1,430,000"
111,Apartment/Condominium,"$3,065",942 sqft,Yes,$679,R2671346,,Residential,2012,,"309 - 12525 190a St, Pitt Meadows, BC",2,2,1,30/03/2022,"$639,900",09/04/2022,"$639,900"
112,Single Family Residence,"$5,351",2315 sqft,Yes,$600,R2684786,,Residential,2004,,"19106 Doerksen Dr, Pitt Meadows, BC",2,4,4,02/05/2022,"$1,389,000",05/05/2022,"$1,389,000"
113,Townhouse,"$3,293",1275 sqft,Yes,$603,R2681838,,Residential,1992,,"19 - 12188 Harris Rd, Pitt Meadows, BC",2,3,2,25/04/2022,"$769,000",09/05/2022,"$760,000"
114,Apartment/Condominium,"$3,611",1315 sqft,Yes,$630,R2682786,,Residential,2019,,"319 - 12460 191 St, Pitt Meadows, BC",2,3,2,28/04/2022,"$829,000",08/05/2022,"$820,000"
115,Apartment/Condominium,"$2,634",1190 sqft,Yes,$453,R2685185,,Residential,1992,,"107 - 19241 Ford Rd, Pitt Meadows, BC",2,2,1,03/05/2022,"$539,900",10/05/2022,"$610,000"
116,Single Family Residence,"$5,768",2671 sqft,Yes,$664,R2685418,,Residential,2005,,"19578 Shinglebolt Cres, Pitt Meadows, BC",2,4,4,04/05/2022,"$1,774,900",09/05/2022,"$1,800,000"
117,Townhouse,"$3,468",1414 sqft,Yes,$509,R2684017,,Residential,1994,,"9 - 19034 Mcmyn Rd, Pitt Meadows, BC",2,3,2,01/05/2022,"$720,000",10/05/2022,"$730,000"
118,Apartment/Condominium,"$2,676",937 sqft,No,$704,R2812264,,Residential,2007,,"117 - 19677 Meadow Gardens Way, Pitt Meadows, BC",2,2,1,01/09/2023,"$659,900",-,-
119,Single Family Residence,"$5,277",2180 sqft,Yes,$705,R2683970,,Residential,1989,,"19657 Maple Pl, Pitt Meadows, BC",2,4,9,02/05/2022,"$1,539,000",06/05/2022,"$1,525,000"
120,Single Family Residence,"$6,323",3950 sqft,Yes,$455,R2687891,,Residential,2017,,"19540 Hammond Rd, Pitt Meadows, BC",4,5,4,09/05/2022,"$1,799,000",11/06/2022,"$1,725,000"
121,Townhouse,"$2,871",956 sqft,Yes,$658,R2698303,,Residential,2007,,"115 - 12350 Harris Rd, Pitt Meadows, BC",2,2,2,08/06/2022,"$630,000",10/06/2022,"$630,000"
122,Apartment/Condominium,"$2,685",772 sqft,Yes,$672,R2697133,,Residential,2010,,"406 - 12069 Harris Rd, Pitt Meadows, BC",1,1,1,06/06/2022,"$519,000",10/06/2022,"$510,000"
123,Apartment/Condominium,"$3,607",1209 sqft,Yes,$578,R2681596,,Residential,2010,,"507 - 12069 Harris Rd, Pitt Meadows, BC",2,3,1,25/04/2022,"$699,000",13/06/2022,"$695,000"
124,Apartment/Condominium,"$3,079",911 sqft,Yes,$713,R2684087,,Residential,2011,,"302 - 12525 190a St, Pitt Meadows, BC",2,2,2,01/05/2022,"$649,900",09/06/2022,"$620,000"
125,Multi Family,"$4,649",1943 sqft,No,$539,R2697569,,Residential,1998,,"11890 Blakely Rd, Pitt Meadows, BC",3,5,4,06/06/2022,"$1,049,000",08/06/2022,"$1,040,000"
126,Townhouse,"$3,799",1567 sqft,Yes,$532,R2698200,,Residential,2007,,"73 - 19572 Fraser Way, Pitt Meadows, BC",2,3,2,08/06/2022,"$835,000",09/06/2022,"$833,000"
127,Townhouse,"$3,497",1477 sqft,Yes,$506,R2694443,,Residential,1995,,"19 - 19044 118b Ave, Pitt Meadows, BC",2,2,2,29/05/2022,"$748,800",07/06/2022,"$745,000"
128,Multi Family,"$4,722",1937 sqft,Yes,$567,R2707744,,Residential,1999,,"18930 119 Ave, Pitt Meadows, BC",2,3,4,07/07/2022,"$1,099,000",17/07/2022,"$1,045,000"
129,Apartment/Condominium,"$3,877",1328 sqft,Yes,$602,R2706079,,Residential,2010,,"907 - 12079 Harris Rd, Pitt Meadows, BC",2,3,2,03/07/2022,"$799,900",08/07/2022,"$790,000"
130,Townhouse,"$3,400",1403 sqft,Yes,$591,R2705352,,Residential,2007,,"34 - 19572 Fraser Way, Pitt Meadows, BC",2,2,1,28/06/2022,"$829,900",05/07/2022,"$822,000"
131,Apartment/Condominium,"$2,698",1150 sqft,Yes,$560,R2698702,,Residential,1993,,"110 - 19121 Ford Rd, Pitt Meadows, BC",2,2,2,06/06/2022,"$645,000",09/07/2022,"$618,500"
132,Single Family Residence,"$7,117",3060 sqft,Yes,$587,R2706507,,Residential,1990,,"12507 188 St, Pitt Meadows, BC",3,5,10,03/07/2022,"$1,798,000",12/07/2022,"$1,750,000"
133,Townhouse,"$3,991",1854 sqft,Yes,$485,R2706075,,Residential,2004,,"9 - 19063 Mcmyn Rd, Pitt Meadows, BC",2,3,3,03/07/2022,"$899,999",07/07/2022,"$915,000"
134,Single Family Residence,"$4,681",2198 sqft,Yes,$636,R2704367,,Residential,1990,,"18923 124 Ave, Pitt Meadows, BC",3,6,6,26/06/2022,"$1,399,900",11/07/2022,"$1,325,000"
135,Apartment/Condominium,"$3,061",936 sqft,Yes,$657,R2698645,,Residential,2014,,"210 - 12655 190a St, Pitt Meadows, BC",2,2,1,08/06/2022,"$615,000",13/07/2022,"$603,500"
136,Single Family Residence,"$5,208",1749 sqft,Yes,$616,R2707198,,Residential,1989,,"19590 Somerset Dr, Pitt Meadows, BC",2,2,4,05/07/2022,"$1,079,000",08/09/2022,"$1,050,000"
137,Townhouse,"$3,794",1387 sqft,Yes,$620,R2719604,,Residential,2007,,"74 - 19572 Fraser Way, Pitt Meadows, BC",2,2,2,29/08/2022,"$860,000",01/09/2022,"$850,000"
138,Single Family Residence,"$5,121",2515 sqft,Yes,$516,R2704134,,Residential,1989,,"19661 Somerset Dr, Pitt Meadows, BC",2,4,4,26/06/2022,"$1,299,000",29/08/2022,"$1,225,000"
139,Apartment/Condominium,"$2,780",1208 sqft,Yes,$455,R2877469,,Residential,1995,,"304 - 19128 Ford Rd, Pitt Meadows, BC",2,2,2,30/04/2024,"$549,900",06/05/2024,"$545,000"
140,Apartment/Condominium,"$2,496",674 sqft,Yes,$753,R2717612,,Residential,2014,,"207 - 12635 190 A St, Pitt Meadows, BC",1,1,1,21/08/2022,"$508,000",05/09/2022,"$500,000"
141,Single Family Residence,"$5,603",2466 sqft,Yes,$522,R2718094,,Residential,2008,,"19593 Thorburn Way, Pitt Meadows, BC",2,3,6,21/08/2022,"$1,288,800",28/08/2022,"$1,255,000"
142,Single Family Residence,$1,2672 sqft,Yes,$552,R2719979,,Residential,2022,,"12310 189a St, Pitt Meadows, BC",3,5,6,28/08/2022,"$1,475,000",04/09/2022,"$1,450,000"
143,Single Family Residence,"$4,672",2643 sqft,Yes,$435,R2715550,,Residential,1998,,"19865 Butternut Lane, Pitt Meadows, BC",2,4,4,08/08/2022,"$1,150,000",02/09/2022,"$1,150,000"
144,Apartment/Condominium,"$2,815",1084 sqft,Yes,$506,R2726950,,Residential,1994,,"409 - 12464 191b St, Pitt Meadows, BC",2,2,1,26/09/2022,"$549,000",03/10/2022,"$505,000"
145,Apartment/Condominium,"$2,139",1196 sqft,Yes,$466,R2730906,,Residential,1990,,"109 - 19236 Ford Rd, Pitt Meadows, BC",2,2,1,10/10/2022,"$557,900",14/10/2022,"$552,000"
146,Manufactured Home,$571,932 sqft,No,$536,R2726345,,Residential,1975,,"19631 Planetree Lane, Pitt Meadows, BC",1,3,3,25/09/2022,"$499,999",03/10/2022,"$460,000"
147,Townhouse,"$3,223",1393 sqft,Yes,$531,R2713988,,Residential,1992,,"43 - 19060 Ford Rd, Pitt Meadows, BC",2,2,3,02/08/2022,"$739,900",06/10/2022,"$715,000"
148,Townhouse,"$3,321",1182 sqft,Yes,$634,R2727347,,Residential,2009,,"7 - 19538 Bishops Reach, Pitt Meadows, BC",2,2,2,27/09/2022,"$750,000",04/10/2022,"$750,000"
149,Apartment/Condominium,"$3,047",947 sqft,Yes,$665,R2726259,,Residential,2012,,"114 - 12635 190a St, Pitt Meadows, BC",2,2,2,25/09/2022,"$629,990",03/10/2022,"$632,000"
150,Townhouse,"$4,133",1469 sqft,Yes,$551,R2727825,,Residential,2005,,"31 - 11067 Barnston View Rd, Pitt Meadows, BC",2,2,2,28/09/2022,"$809,900",04/10/2022,"$804,900"
151,Townhouse,"$4,574",1839 sqft,Yes,$570,R2727502,,Residential,2015,,"19 - 19095 Mitchell Rd, Pitt Meadows, BC",2,3,2,28/09/2022,"$1,049,000",15/10/2022,"$1,000,000"
152,Single Family Residence,"$4,502",2618 sqft,Yes,$496,R2734399,,Residential,1989,,"19153 117 A Ave, Pitt Meadows, BC",2,4,4,24/10/2022,"$1,298,900",18/11/2022,"$1,205,000"
153,Townhouse,"$4,909",2000 sqft,Yes,$524,R2725294,,Residential,2006,,"13 - 19452 Fraser Way, Pitt Meadows, BC",2,3,4,19/09/2022,"$1,049,900",18/11/2022,"$1,039,000"
154,Single Family Residence,"$5,828",2410 sqft,Yes,$530,R2726427,,Residential,2006,,"19137 117a Ave, Pitt Meadows, BC",2,3,8,22/09/2022,"$1,277,900",08/11/2022,"$1,192,000"
155,Townhouse,"$3,322",1251 sqft,Yes,$502,R2736566,,Residential,1991,,"14 - 19270 119 Ave, Pitt Meadows, BC",2,2,3,06/11/2022,"$629,000",11/11/2022,"$610,000"
156,Apartment/Condominium,"$3,653",1314 sqft,Yes,$608,R2733163,,Residential,2015,,"201 - 12635 190a St, Pitt Meadows, BC",2,2,2,23/10/2022,"$799,000",06/11/2022,"$730,000"
157,Townhouse,"$3,679",1549 sqft,Yes,$451,R2732605,,Residential,1990,,"43 - 19160 119 Ave, Pitt Meadows, BC",2,2,2,18/10/2022,"$698,900",19/11/2022,"$678,000"
158,Single Family Residence,"$1,760",2378 sqft,No,$546,R2860064,,Residential,1972,,"12097 Blakely Rd, Pitt Meadows, BC",4,7,6,14/03/2024,"$1,299,000",24/03/2024,"$1,390,000"
159,Single Family Residence,"$4,557",1689 sqft,No,$562,R2733498,,Residential,1979,,"11697 Wildwood Cres N, Pitt Meadows, BC",1,3,3,23/10/2022,"$949,900",07/11/2022,"$930,000"
160,Apartment/Condominium,"$2,836",1223 sqft,Yes,$494,R2713666,,Residential,1996,,"213 - 12155 191b St, Pitt Meadows, BC",2,2,0,29/07/2022,"$605,000",23/12/2022,"$560,000"
161,Apartment/Condominium,"$3,015",958 sqft,Yes,$647,R2744168,,Residential,2014,,"113 - 12635 190a St, Pitt Meadows, BC",2,2,2,01/01/2023,"$619,888",05/01/2023,"$619,888"
162,Townhouse,"$5,098",1920 sqft,Yes,$546,R2741365,,Residential,2020,,"50 - 19451 Sutton Ave, Pitt Meadows, BC",3,4,3,01/12/2022,"$1,049,999",14/12/2022,"$1,038,000"
163,Townhouse,"$3,574",1336 sqft,Yes,$538,R2742699,,Residential,2004,,"36 - 19141 124 Ave, Pitt Meadows, BC",2,3,2,13/12/2022,"$720,000",17/12/2022,"$720,000"
164,Townhouse,"$3,201",1303 sqft,Yes,$544,R2900861,,Residential,1994,,"21 - 19034 Mcmyn Rd, Pitt Meadows, BC",2,3,3,01/07/2024,"$709,000",-,Not Sold Yet
165,Single Family Residence,"$4,784",2355 sqft,No,$530,R2782489,,Residential,1973,,"18892 Ford Rd, Pitt Meadows, BC",4,6,1,28/05/2023,"$1,249,000",29/05/2023,"$1,400,000"
166,Single Family Residence,"$5,337",1867 sqft,Yes,$581,R2738732,,Residential,1977,,"19858 Wildwood Cres N, Pitt Meadows, BC",2,4,8,15/11/2022,"$1,085,000",19/12/2022,"$1,035,000"
167,Apartment/Condominium,,665 sqft,Yes,$684,R2734949,,Residential,2007,,"111 - 19673 Meadow Gardens Way, Pitt Meadows, BC",1,1,1,28/10/2022,"$454,900",04/01/2023,"$437,500"
168,Single Family Residence,"$4,827",1620 sqft,No,$659,R2751324,,Residential,1971,,"19305 119b Ave, Pitt Meadows, BC",2,4,4,06/02/2023,"$1,068,000",20/02/2023,"$1,020,000"
169,Apartment/Condominium,"$2,510",625 sqft,Yes,$798,R2751033,,Residential,2014,,"409 - 12655 190a St, Pitt Meadows, BC",1,1,1,05/02/2023,"$498,800",12/02/2023,"$489,900"
170,Single Family Residence,"$5,385",2355 sqft,Yes,$488,R2751856,,Residential,1975,,"18864 120 Ave, Pitt Meadows, BC",2,5,4,08/02/2023,"$1,149,999",21/02/2023,"$1,075,000"
171,Single Family Residence,"$7,585",3479 sqft,No,$574,R2746026,,Residential,2017,,"12200 Mcmyn Ave, Pitt Meadows, BC",4,7,14,24/01/2023,"$1,998,800",21/02/2023,"$1,860,000"
172,Apartment/Condominium,"$3,254",1053 sqft,Yes,$607,R2745187,,Residential,2007,,"202 - 19677 Meadow Gardens Way, Pitt Meadows, BC",2,2,1,09/01/2023,"$639,900",19/02/2023,"$625,000"
173,Single Family Residence,"$5,759",2916 sqft,Yes,$522,R2750796,,Residential,2006,,"19826 Silverthorne Pl, Pitt Meadows, BC",2,4,4,05/02/2023,"$1,525,000",11/02/2023,"$1,512,500"
174,Single Family Residence,"$4,672",2036 sqft,Yes,$588,R2752847,,Residential,1973,,"11560 196b St, Pitt Meadows, BC",2,5,6,13/02/2023,"$1,199,000",19/02/2023,"$1,141,000"
175,Single Family Residence,"$4,443",1406 sqft,No,$807,R2883218,,Residential,1976,,"19559 120b Ave, Pitt Meadows, BC",2,4,2,14/05/2024,"$1,134,900",23/05/2024,"$1,097,000"
176,Townhouse,"$4,407",1925 sqft,Yes,$534,R2750863,,Residential,2012,,"12 - 12585 190a St, Pitt Meadows, BC",3,4,2,05/02/2023,"$1,028,000",22/03/2023,"$975,000"
177,Apartment/Condominium,"$2,755",1067 sqft,Yes,$562,R2757261,,Residential,1994,,"113 - 12464 191b St, Pitt Meadows, BC",2,2,1,05/03/2023,"$599,900",24/03/2023,"$590,000"
178,Apartment/Condominium,"$2,524",627 sqft,Yes,$797,R2761389,,Residential,2014,,"307 - 12635 190a St, Pitt Meadows, BC",1,1,1,20/03/2023,"$499,900",20/03/2023,"$499,900"
179,Townhouse,"$3,748",1439 sqft,No,$589,R2888969,,Residential,2005,,"56 - 11067 Barnston View Rd, Pitt Meadows, BC",2,3,2,29/05/2024,"$849,000",30/05/2024,"$849,000"
180,Townhouse,"$3,418",1423 sqft,Yes,$512,R2761151,,Residential,1992,,"14 - 12188 Harris Rd, Pitt Meadows, BC",2,3,2,19/03/2023,"$729,000",21/03/2023,"$729,000"
181,Single Family Residence,"$2,662",3926 sqft,Yes,$534,R2762118,,Residential,1993,,"14982 Harris Rd, Pitt Meadows, BC",3,3,25,21/03/2023,"$2,100,000",22/03/2023,"$2,100,000"
182,Single Family Residence,"$4,828",2696 sqft,Yes,$466,R2761639,,Residential,1975,,"19576 118b Ave, Pitt Meadows, BC",3,4,4,21/03/2023,"$1,259,000",22/03/2023,"$1,300,000"
183,Apartment/Condominium,"$2,563",1190 sqft,Yes,$638,R2752775,,Residential,2007,,"431 - 19677 Meadow Gardens Way, Pitt Meadows, BC",2,2,2,13/02/2023,"$759,999",26/03/2023,"$735,000"
184,Single Family Residence,"$4,906",1894 sqft,Yes,$685,R2762648,,Residential,1976,,"12041 189b St, Pitt Meadows, BC",3,3,6,25/03/2023,"$1,299,000",15/04/2023,"$1,275,000"
185,Apartment/Condominium,"$2,442",750 sqft,Yes,$732,R2758832,,Residential,2007,,"209 - 19677 Meadow Gardens Way, Pitt Meadows, BC",1,1,1,09/03/2023,"$549,000",18/04/2023,"$522,500"
186,Apartment/Condominium,"$3,602",1309 sqft,Yes,$588,R2768388,,Residential,2019,,"303 - 12460 191 St, Pitt Meadows, BC",2,3,2,18/04/2023,"$769,900",18/04/2023,"$769,900"
187,Townhouse,"$3,780",1588 sqft,Yes,$488,R2769563,,Residential,1991,,"60 - 19160 119 Ave, Pitt Meadows, BC",2,3,2,18/04/2023,"$775,000",19/04/2023,"$825,000"
188,Single Family Residence,"$4,910",2354 sqft,Yes,$541,R2765592,,Residential,1974,,"11900 195b St, Pitt Meadows, BC",3,4,4,04/04/2023,"$1,275,000",19/04/2023,"$1,265,000"
189,Single Family Residence,,3632 sqft,Yes,$484,R2763341,,Residential,2023,,"19014 119 Ave, Pitt Meadows, BC",3,6,2,26/03/2023,"$1,758,000",14/04/2023,"$1,758,000"
190,Apartment/Condominium,"$2,700",1068 sqft,Yes,$528,R2767875,,Residential,1995,,"107 - 12464 191b St, Pitt Meadows, BC",2,2,0,12/04/2023,"$564,800",17/04/2023,"$578,000"
191,Multi Family,"$4,584",1807 sqft,Yes,$594,R2768054,,Residential,1995,,"19467 116b Ave, Pitt Meadows, BC",2,4,4,12/04/2023,"$1,075,000",16/04/2023,"$1,080,000"
192,Apartment/Condominium,"$3,065",910 sqft,Yes,$659,R2774436,,Residential,2012,,"310 - 12525 190a St, Pitt Meadows, BC",2,2,2,03/05/2023,"$599,900",14/05/2023,"$595,000"
193,Apartment/Condominium,"$2,517",642 sqft,Yes,$855,R2774910,,Residential,2013,,"411 - 12565 190a St, Pitt Meadows, BC",1,1,1,03/05/2023,"$549,000",13/05/2023,"$518,250"
194,Apartment/Condominium,"$3,121",915 sqft,Yes,$676,R2777042,,Residential,2011,,"411 - 12525 190a St, Pitt Meadows, BC",2,2,2,10/05/2023,"$619,000",14/05/2023,"$640,500"
195,Single Family Residence,"$5,644",2314 sqft,Yes,$574,R2771675,,Residential,2005,,"19267 Fieldstone Walk, Pitt Meadows, BC",2,4,4,24/04/2023,"$1,328,800",14/05/2023,"$1,305,000"
196,Apartment/Condominium,"$2,428",855 sqft,Yes,$613,R2767913,,Residential,1998,,"110 - 19091 Mcmyn Rd, Pitt Meadows, BC",1,1,2,12/04/2023,"$524,900",11/05/2023,"$520,000"
197,Single Family Residence,"$5,341",2962 sqft,Yes,$504,R2771638,,Residential,1993,,"19053 Advent Rd, Pitt Meadows, BC",3,5,4,23/04/2023,"$1,495,000",09/05/2023,"$1,460,000"
198,Single Family Residence,"$2,350",1796 sqft,No,"$1,670",R2761038,,Residential,1960,,"18880 Old Dewdney Trunk Rd, Pitt Meadows, BC",1,2,0,21/03/2023,"$3,000,000",11/05/2023,"$2,825,000"
199,Apartment/Condominium,"$2,017",422 sqft,Yes,$888,R2768196,,Residential,2014,,"319 - 12635 190a St, Pitt Meadows, BC",1,0,1,11/04/2023,"$374,900",07/05/2023,"$365,000"
200,Apartment/Condominium,"$3,026",989 sqft,Yes,$646,R2771121,,Residential,2013,,"317 - 12565 190a St, Pitt Meadows, BC",2,2,2,24/04/2023,"$639,000",09/06/2023,"$633,000"
201,Single Family Residence,"$4,644",2791 sqft,Yes,$465,R2780400,,Residential,1999,,"19795 Sunset Lane, Pitt Meadows, BC",2,3,4,23/05/2023,"$1,299,900",03/06/2023,"$1,260,000"
202,Apartment/Condominium,"$2,414",793 sqft,Yes,$624,R2766930,,Residential,2007,,"216 - 12350 Harris Rd, Pitt Meadows, BC",1,1,2,10/04/2023,"$495,000",04/06/2023,"$515,000"
203,Townhouse,"$3,445",1418 sqft,No,$564,R2733549,,Residential,1994,,"45 - 19034 Mcmyn Rd, Pitt Meadows, BC",2,3,2,23/10/2022,"$799,900",06/06/2023,"$799,900"
204,Single Family Residence,"$5,805",3454 sqft,Yes,$463,R2905140,,Residential,2001,,"19646 Joyner Pl, Pitt Meadows, BC",2,5,4,09/07/2024,"$1,599,900",-,Not Sold Yet
205,Single Family Residence,$902,854 sqft,No,"$1,402",R2781249,,Residential,1986,,"12 Hodgins Harbour, Pitt Meadows, BC",1,3,0,24/05/2023,"$1,198,000",05/06/2023,"$1,224,000"
206,Townhouse,"$3,991",1774 sqft,Yes,$450,R2783777,,Residential,2004,,"48 - 19141 124 Ave, Pitt Meadows, BC",2,3,2,30/05/2023,"$799,000",04/06/2023,"$901,500"
207,Apartment/Condominium,"$3,070",943 sqft,Yes,$699,R2782750,,Residential,2014,,"214 - 12655 190a St, Pitt Meadows, BC",2,2,2,29/05/2023,"$659,800",03/06/2023,"$655,000"
208,Manufactured Home,"$1,602",939 sqft,No,$606,R2768724,,Residential,2006,,"19649 Poplar Dr, Pitt Meadows, BC",2,2,3,16/04/2023,"$569,900",03/07/2023,"$555,000"
209,Single Family Residence,"$5,084",2088 sqft,Yes,$670,R2793368,,Residential,1986,,"19591 Park Rd, Pitt Meadows, BC",3,4,4,26/06/2023,"$1,399,000",09/07/2023,"$1,380,000"
210,Single Family Residence,"$5,323",2465 sqft,Yes,$557,R2787275,,Residential,1990,,"18865 123a Ave, Pitt Meadows, BC",3,5,8,11/06/2023,"$1,375,000",04/07/2023,"$1,290,000"
211,Single Family Residence,"$5,877",2133 sqft,Yes,$621,R2792762,,Residential,1974,,"11536 197b St, Pitt Meadows, BC",3,4,6,26/06/2023,"$1,325,000",03/07/2023,"$1,335,000"
212,Apartment/Condominium,"$2,746",1165 sqft,Yes,$496,R2790406,,Residential,1992,,"201 - 19241 Ford Rd, Pitt Meadows, BC",2,2,1,19/06/2023,"$579,000",30/06/2023,"$565,000"
213,Apartment/Condominium,"$2,465",622 sqft,Yes,$803,R2795696,,Residential,2012,,"201 - 12525 190a St, Pitt Meadows, BC",1,1,1,05/07/2023,"$499,999",08/07/2023,"$499,999"
214,Townhouse,"$4,266",1339 sqft,Yes,$597,R2794814,,Residential,2005,,"37 - 11067 Barnston View Rd, Pitt Meadows, BC",2,2,2,03/07/2023,"$799,900",10/07/2023,"$856,000"
215,Single Family Residence,"$4,836",1028 sqft,Yes,"$1,196",R2741939,,Residential,1969,,"19435 Park Rd, Pitt Meadows, BC",1,3,4,06/12/2022,"$1,230,000",04/07/2023,"$1,082,500"
216,Townhouse,"$3,291",1486 sqft,Yes,$538,R2804982,,Residential,1991,,"3 - 19252 119 Ave, Pitt Meadows, BC",2,3,3,08/08/2023,"$799,999",12/08/2023,"$799,500"
217,Townhouse,"$2,656",1118 sqft,No,$534,R2804769,,Residential,1987,,"19 - 19249 Hammond Rd, Pitt Meadows, BC",1,2,1,07/08/2023,"$598,000",14/08/2023,"$590,000"
218,Townhouse,"$4,248",2078 sqft,Yes,$408,R2803787,,Residential,1994,,"3 - 19270 122a Ave, Pitt Meadows, BC",2,4,3,01/08/2023,"$849,900",07/08/2023,"$900,000"
219,Townhouse,"$3,991",1712 sqft,Yes,$489,R2805132,,Residential,2005,,"17 - 19063 Mcmyn Rd, Pitt Meadows, BC",2,3,3,07/08/2023,"$838,000",13/08/2023,"$810,000"
220,Single Family Residence,"$5,057",2123 sqft,Yes,$658,R2805728,,Residential,1986,,"19544 Oak Terr, Pitt Meadows, BC",2,4,8,08/08/2023,"$1,399,000",14/08/2023,"$1,360,000"
221,Single Family Residence,"$5,773",2631 sqft,Yes,$528,R2800207,,Residential,2004,,"12335 189a St, Pitt Meadows, BC",2,4,5,18/07/2023,"$1,390,000",07/08/2023,"$1,365,000"
222,Apartment/Condominium,"$3,217",1187 sqft,Yes,$588,R2803366,,Residential,2007,,"112 - 19673 Meadow Gardens Way, Pitt Meadows, BC",2,2,1,31/07/2023,"$699,000",06/08/2023,"$699,000"
223,Townhouse,"$3,130",1061 sqft,Yes,$565,R2803840,,Residential,1994,,"55 - 19034 Mcmyn Rd, Pitt Meadows, BC",2,2,2,30/07/2023,"$599,900",08/08/2023,"$615,000"
224,Manufactured Home,"$1,019",1166 sqft,No,$454,R2805823,,Residential,1990,,"29 - 11938 Poplar Dr, Pitt Meadows, BC",2,2,4,09/08/2023,"$529,900",16/09/2023,"$524,000"
225,Apartment/Condominium,"$3,166",941 sqft,Yes,$743,R2815246,,Residential,2014,,"415 - 12635 190a St, Pitt Meadows, BC",2,2,2,11/09/2023,"$699,900",13/09/2023,"$687,500"
226,Single Family Residence,"$6,928",3352 sqft,Yes,$515,R2812905,,Residential,1995,,"12236 Mcmyn Ave, Pitt Meadows, BC",3,6,8,05/09/2023,"$1,729,000",12/09/2023,"$1,740,000"
227,Apartment/Condominium,"$2,790",806 sqft,Yes,$781,R2815206,,Residential,2015,,"117 - 12635 190 A St, Pitt Meadows, BC",2,2,1,12/09/2023,"$629,900",13/09/2023,"$605,000"
228,Apartment/Condominium,"$3,222",1302 sqft,Yes,$506,R2811907,,Residential,1993,,"111 - 19122 122 Ave, Pitt Meadows, BC",2,2,2,04/09/2023,"$659,000",17/09/2023,"$654,500"
229,Townhouse,"$3,943",1587 sqft,Yes,$541,R2812553,,Residential,1993,,"26 - 12268 189a St, Pitt Meadows, BC",2,3,2,05/09/2023,"$859,900",13/09/2023,"$937,000"
230,Single Family Residence,"$5,571",2310 sqft,Yes,$562,R2816511,,Residential,2005,,"11263 Southgate Rd, Pitt Meadows, BC",2,3,4,17/09/2023,"$1,299,900",18/09/2023,"$1,300,000"
231,Apartment/Condominium,"$2,873",870 sqft,Yes,$665,R2816018,,Residential,2019,,"216 - 12460 191 St, Pitt Meadows, BC",2,2,1,14/09/2023,"$579,000",19/09/2023,"$570,000"
232,Apartment/Condominium,"$2,679",1223 sqft,Yes,$449,R2827966,,Residential,1990,,"112 - 19236 Ford Rd, Pitt Meadows, BC",1,2,1,24/10/2023,"$549,999",30/10/2023,"$550,000"
233,Single Family Residence,"$5,195",1265 sqft,Yes,$770,R2827550,,Residential,1989,,"12451 188a St, Pitt Meadows, BC",2,3,4,24/10/2023,"$974,900",26/10/2023,"$990,000"
234,Single Family Residence,"$6,117",2954 sqft,Yes,$538,R2825856,,Residential,2004,,"11233 Tully Cres, Pitt Meadows, BC",3,4,5,17/10/2023,"$1,589,900",29/10/2023,"$1,540,000"
235,Townhouse,"$3,755",1550 sqft,Yes,$612,R2821204,,Residential,1993,,"39 - 12268 189a St, Pitt Meadows, BC",2,3,2,02/10/2023,"$949,900",22/10/2023,"$945,000"
236,Apartment/Condominium,"$3,387",1175 sqft,Yes,$637,R2826730,,Residential,2007,,"128 - 19673 Meadow Gardens Way, Pitt Meadows, BC",2,2,2,22/10/2023,"$749,000",01/11/2023,"$725,000"
237,Single Family Residence,"$5,520",2005 sqft,Yes,$748,R2826481,,Residential,1990,,"19271 123 Ave, Pitt Meadows, BC",2,5,7,18/10/2023,"$1,499,900",22/10/2023,"$1,451,900"
238,Single Family Residence,"$5,516",2580 sqft,Yes,$541,R2825672,,Residential,2005,,"19535 Sawyers Rd, Pitt Meadows, BC",2,4,4,16/10/2023,"$1,398,000",22/10/2023,"$1,425,000"
239,Single Family Residence,"$5,456",2440 sqft,Yes,$512,R2824411,,Residential,1990,,"12447 189a St, Pitt Meadows, BC",3,4,4,12/10/2023,"$1,250,000",22/10/2023,"$1,230,000"
240,Single Family Residence,"$5,621",2451 sqft,Yes,$591,R2836520,,Residential,2008,,"19547 Thorburn Way, Pitt Meadows, BC",2,3,4,05/12/2023,"$1,450,000",27/12/2023,"$1,380,000"
241,Single Family Residence,"$4,873",1261 sqft,Yes,$831,R2821647,,Residential,1989,,"12295 193 St, Pitt Meadows, BC",2,3,4,03/10/2023,"$1,049,000",05/12/2023,"$1,025,000"
242,Apartment/Condominium,"$3,189",1144 sqft,Yes,$533,R2836906,,Residential,2007,,"413 - 19677 Meadow Gardens Way, Pitt Meadows, BC",2,2,1,07/12/2023,"$609,900",22/12/2023,"$600,000"
243,Townhouse,"$3,506",1398 sqft,Yes,$500,R2835355,,Residential,1995,,"3 - 19044 118b Ave, Pitt Meadows, BC",2,2,2,27/11/2023,"$699,000",01/12/2023,"$699,000"
244,Apartment/Condominium,"$3,061",1163 sqft,Yes,$472,R2835674,,Residential,2007,,"222 - 12350 Harris Rd, Pitt Meadows, BC",2,2,0,29/11/2023,"$549,900",30/11/2023,"$548,800"
245,Apartment/Condominium,"$2,666",1179 sqft,Yes,$470,R2819896,,Residential,1992,,"111 - 19241 Ford Rd, Pitt Meadows, BC",2,2,1,26/09/2023,"$555,000",04/12/2023,"$515,000"
246,Single Family Residence,"$5,117",2800 sqft,Yes,$491,R2835480,,Residential,1978,,"19653 117a Ave, Pitt Meadows, BC",2,4,4,27/11/2023,"$1,374,800",03/12/2023,"$1,370,000"
247,Apartment/Condominium,"$2,313",561 sqft,Yes,$903,R2777004,,Residential,2010,,"402 - 12079 Harris Rd, Pitt Meadows, BC",1,1,1,09/05/2023,"$507,000",26/12/2023,"$500,000"
248,Apartment/Condominium,"$2,657",1008 sqft,Yes,$595,R2839932,,Residential,1998,,"310 - 19091 Mcmyn Rd, Pitt Meadows, BC",2,2,2,07/01/2024,"$599,999",25/01/2024,"$595,000"
249,Apartment/Condominium,"$2,749",1180 sqft,Yes,$529,R2843389,,Residential,1994,,"215 - 19122 122 Ave, Pitt Meadows, BC",2,2,2,21/01/2024,"$625,000",26/01/2024,"$619,500"
250,Single Family Residence,"$5,007",1735 sqft,Yes,$749,R2845782,,Residential,1988,,"19573 Somerset Dr, Pitt Meadows, BC",2,3,4,29/01/2024,"$1,299,900",03/02/2024,"$1,285,000"
251,Apartment/Condominium,"$3,091",1092 sqft,Yes,$535,R2844023,,Residential,1998,,"208 - 19091 Mcmyn Rd, Pitt Meadows, BC",2,2,1,22/01/2024,"$585,000",27/01/2024,"$600,000"
252,Single Family Residence,"$5,760",2938 sqft,Yes,$425,R2848064,,Residential,2000,,"19788 Honeydew Dr, Pitt Meadows, BC",2,3,4,06/02/2024,"$1,250,000",06/02/2024,"$1,230,000"
253,Multi Family,"$5,310",2662 sqft,Yes,$506,R2845027,,Residential,2019,,"11728 193a St, Pitt Meadows, BC",3,4,3,28/01/2024,"$1,349,000",04/02/2024,"$1,390,000"
254,Apartment/Condominium,"$2,756",1265 sqft,Yes,$446,R2845814,,Residential,1994,,"203 - 19128 Ford Rd, Pitt Meadows, BC",2,2,2,30/01/2024,"$565,000",03/02/2024,"$565,000"
255,Townhouse,"$3,108",960 sqft,Yes,$623,R2838513,,Residential,1988,,"9 - 18960 Advent Rd, Pitt Meadows, BC",2,2,2,28/12/2023,"$598,900",26/01/2024,"$580,000"
256,Single Family Residence,"$4,699",3025 sqft,Yes,$406,R2856495,,Residential,1998,,"19851 Butternut Lane, Pitt Meadows, BC",2,4,4,04/03/2024,"$1,229,000",17/03/2024,"$1,225,000"
257,Single Family Residence,"$5,658",622t0qf s,Yes,$549,R2847824,,Residential,2004,,"19227 Fieldstone Walk, Pitt Meadows, BC",2,3,4,06/02/2024,"$1,429,999",10/03/2024,"$1,400,000"
258,Townhouse,"$4,323",1413 sqft,Yes,$690,R2859168,,Residential,2019,,"22 - 19451 Sutton Ave, Pitt Meadows, BC",2,3,2,11/03/2024,"$975,000",16/03/2024,"$962,000"
259,Single Family Residence,"$5,383",2405 sqft,Yes,$614,R2845277,,Residential,1998,,"12352 192a St, Pitt Meadows, BC",2,5,4,28/01/2024,"$1,479,000",18/03/2024,"$1,430,000"
260,Multi Family,"$5,025",3023 sqft,Yes,$462,R2858618,,Residential,2016,,"12315 Bonson Rd, Pitt Meadows, BC",3,4,4,11/03/2024,"$1,399,000",18/03/2024,"$1,389,500"
261,Single Family Residence,"$5,850",2270 sqft,Yes,$610,R2856132,,Residential,1976,,"19762 Wildwood Cres N, Pitt Meadows, BC",2,3,4,04/03/2024,"$1,385,000",10/03/2024,"$1,360,000"
262,Apartment/Condominium,"$2,346",926 sqft,Yes,$593,R2850204,,Residential,1997,,"106 - 12155 191b St, Pitt Meadows, BC",1,1,2,14/02/2024,"$550,000",12/03/2024,"$552,000"
263,Single Family Residence,"$5,548",3268 sqft,Yes,$514,R2858610,,Residential,1990,,"18832 Charnley Crt, Pitt Meadows, BC",3,5,6,11/03/2024,"$1,680,000",14/03/2024,"$1,655,000"
264,Single Family Residence,"$5,176",2246 sqft,Yes,$658,R2865245,,Residential,1989,,"12370 188a St, Pitt Meadows, BC",3,5,4,31/03/2024,"$1,480,000",22/04/2024,"$1,440,000"
265,Single Family Residence,"$6,409",2012 sqft,Yes,$621,R2869054,,Residential,1987,,"19488 116b Ave, Pitt Meadows, BC",2,4,8,09/04/2024,"$1,250,000",20/04/2024,"$1,240,000"
266,Townhouse,"$3,300",1101 sqft,Yes,$771,R2867975,,Residential,2020,,"42 - 19696 Hammond Rd, Pitt Meadows, BC",2,3,2,07/04/2024,"$849,900",17/04/2024,"$835,000"
267,Townhouse,"$3,178",1342 sqft,Yes,$483,R2857383,,Residential,1992,,"33 - 19060 Ford Rd, Pitt Meadows, BC",2,2,2,10/03/2024,"$649,000",20/04/2024,"$680,000"
268,Single Family Residence,"$5,699",3303 sqft,Yes,$481,R2870716,,Residential,1999,,"11640 Harris Rd, Pitt Meadows, BC",4,6,5,14/04/2024,"$1,588,888",21/04/2024,"$1,576,000"
269,Manufactured Home,$500,672 sqft,Yes,$446,R2842082,,Residential,1975,,"95 - 19649 Planetree Lane, Pitt Meadows, BC",1,2,1,14/01/2024,"$299,900",22/04/2024,"$290,000"
270,Townhouse,"$3,223",1345 sqft,No,$504,R2872404,,Residential,1992,,"47 - 19060 Ford Rd, Pitt Meadows, BC",2,2,3,17/04/2024,"$678,800",18/04/2024,"$675,000"
271,Manufactured Home,,802 sqft,No,$497,R2871561,,Residential,1977,,"62 - 11901 Pinyon Dr, Pitt Meadows, BC",1,2,2,15/04/2024,"$399,000",18/04/2024,"$399,000"
272,Apartment/Condominium,"$2,442",929 sqft,Yes,$608,R2885000,,Residential,1995,,"406 - 12155 191b St, Pitt Meadows, BC",1,1,2,20/05/2024,"$565,000",24/05/2024,"$560,000"
273,Apartment/Condominium,"$2,700",1075 sqft,Yes,$558,R2885148,,Residential,1994,,"101 - 12464 191b St, Pitt Meadows, BC",2,2,1,20/05/2024,"$599,900",25/05/2024,"$615,000"
274,Apartment/Condominium,"$2,837",1249 sqft,Yes,$464,R2885846,,Residential,1990,,"311 - 19236 Ford Rd, Pitt Meadows, BC",2,2,3,21/05/2024,"$579,900",26/05/2024,"$575,000"
275,Single Family Residence,"$4,649",2008 sqft,No,$684,R2883022,,Residential,1982,,"19497 115a Ave, Pitt Meadows, BC",2,4,3,13/05/2024,"$1,374,888",21/05/2024,"$1,367,500"
276,Apartment/Condominium,"$2,820",565 sqft,Yes,$831,R2878532,,Residential,2015,,"208 - 12409 Harris Rd, Pitt Meadows, BC",1,1,1,02/05/2024,"$469,999",25/05/2024,"$460,000"
277,Apartment/Condominium,"$3,780",1295 sqft,Yes,$656,R2847989,,Residential,2010,,"1007 - 12069 Harris Rd, Pitt Meadows, BC",2,3,1,06/02/2024,"$850,000",24/05/2024,"$850,000"
278,Single Family Residence,"$5,947",2921 sqft,Yes,$547,R2885282,,Residential,2006,,"19863 Silverthorne Pl, Pitt Meadows, BC",2,5,6,20/05/2024,"$1,599,900",23/05/2024,"$1,599,900"
279,Single Family Residence,"$4,443",1406 sqft,No,$807,R2883218,,Residential,1976,,"19559 120b Ave, Pitt Meadows, BC",2,4,2,14/05/2024,"$1,134,900",23/05/2024,"$1,097,000"
280,Apartment/Condominium,"$2,845",765 sqft,Yes,$744,R2894362,,Residential,2015,,"204 - 12409 Harris Rd, Pitt Meadows, BC",2,2,1,11/06/2024,"$569,900",18/06/2024,"$565,000"
281,Townhouse,"$3,679",1711 sqft,Yes,$464,R2893387,,Residential,1991,,"45 - 19160 119 Ave, Pitt Meadows, BC",2,2,2,10/06/2024,"$795,000",22/06/2024,"$782,000"
282,Apartment/Condominium,"$2,753",1044 sqft,Yes,$598,R2885471,,Residential,1994,,"213 - 12464 191b St, Pitt Meadows, BC",2,2,1,20/05/2024,"$625,000",23/06/2024,"$617,000"
283,Apartment/Condominium,"$3,052",940 sqft,Yes,$732,R2888286,,Residential,2013,,"215 - 12565 190a St, Pitt Meadows, BC",2,2,2,28/05/2024,"$688,888",25/06/2024,"$680,000"
284,Townhouse,"$5,732",1843 sqft,Yes,$731,R2879944,,Residential,2006,,"19 - 19452 Fraser Way, Pitt Meadows, BC",2,3,4,05/05/2024,"$1,348,000",20/06/2024,"$1,348,000"
285,Townhouse,,1377 sqft,Yes,$653,R2898618,,Residential,2023,,"80 - 19451 Sutton Ave, Pitt Meadows, BC",2,3,2,23/06/2024,"$899,900",26/06/2024,"$910,000"
