,type,taxes,area,garage,pricePerSqFt,mlsNumber,lotSize,levels,built,maintenance,address,bath,beds,parking,listingDate,listingPrice
0,Apartment/Condominium,,1078 sqft,Yes,$677,R2905927,,Residential,2023,,"609 - 8379 201 St, Langley, BC",2,2,1,14/07/2024,"$729,900"
1,Apartment/Condominium,,841 sqft,Yes,$838,R2905855,,Residential,2025,,"119 - 7937 206 St, Langley, BC",2,2,1,14/07/2024,"$704,900"
2,Townhouse,"$3,471",1357 sqft,Yes,$567,R2905783,,Residential,2011,,"49 - 21867 50 Ave, Langley, BC",2,3,2,14/07/2024,"$770,000"
3,Townhouse,"$4,207",1443 sqft,Yes,$678,R2905082,,Residential,2019,,"137 - 7947 209 St, Langley, BC",2,3,2,14/07/2024,"$979,000"
4,Multi Family,"$2,055",2562 sqft,Yes,$538,R2905998,,Residential,2024,,"8188 201 St, Langley, BC",3,5,2,14/07/2024,"$1,379,900"
5,Single Family Residence,"$3,451",966 sqft,No,"$1,992",R2905631,,Residential,1975,,"20890 42 Ave, Langley, BC",1,2,0,14/07/2024,"$1,925,000"
6,Apartment/Condominium,,991 sqft,Yes,$784,R2905634,,Residential,2024,,"518 - 20061 Fraser Highway, Langley, BC",2,2,1,14/07/2024,"$777,000"
7,Apartment/Condominium,"$2,811",533 sqft,Yes,$936,R2905793,,Residential,2021,,"A209 - 20838 78 B Ave, Langley, BC",1,1,1,14/07/2024,"$499,000"
8,Apartment/Condominium,,601 sqft,Yes,$914,R2904664,,Residential,2023,,"302 - 19825 54 Ave, Langley, BC",0,2,0,11/07/2024,"$549,880"
9,Townhouse,"$4,564",1212 sqft,Yes,$820,R2905120,,Residential,2019,,"13 - 20849 78 B Ave, Langley, BC",2,3,2,11/07/2024,"$995,000"
10,Single Family Residence,"$5,854",2401 sqft,Yes,$665,R2905308,,Residential,1994,,"20770 91 B Ave, Langley, BC",3,4,6,11/07/2024,"$1,599,000"
11,Single Family Residence,"$4,614",1941 sqft,No,$695,R2903262,,Residential,1959,,"3538 196 St, Langley, BC",2,4,4,11/07/2024,"$1,349,900"
12,Apartment/Condominium,"$2,492",555 sqft,Yes,$945,R2905143,,Residential,2012,,"A412 - 20211 66 Ave, Langley, BC",1,1,1,11/07/2024,"$525,000"
13,Apartment/Condominium,,749 sqft,Yes,$967,R2905330,,Residential,2025,,"204 - 19976 76 Ave, Langley, BC",2,2,1,11/07/2024,"$724,900"
14,Apartment/Condominium,"$2,983",759 sqft,Yes,$744,R2904506,,Residential,2020,,"409 - 22136 49 Ave, Langley, BC",1,1,2,11/07/2024,"$565,000"
15,Apartment/Condominium,"$2,703",1071 sqft,Yes,$494,R2905210,,Residential,1993,,"115 - 21975 49 Ave, Langley, BC",2,2,1,11/07/2024,"$529,900"
16,Apartment/Condominium,"$3,202",758 sqft,Yes,$777,R2904832,,Residential,2021,,"A324 - 8150 207 St, Langley, BC",1,1,2,10/07/2024,"$589,000"
17,Apartment/Condominium,"$2,261",984 sqft,Yes,$558,R2905350,,Residential,1997,,"106 - 20268 54 Ave, Langley, BC",2,2,1,10/07/2024,"$549,800"
18,Apartment/Condominium,,906 sqft,Yes,$750,R2904755,,Residential,2027,,"225 - 20644 Eastleigh Cres, Langley, BC",2,2,1,10/07/2024,"$679,900"
19,Single Family Residence,"$2,863",3545 sqft,Yes,$524,R2904882,,Residential,2024,,"7529 205 A St, Langley, BC",5,6,4,10/07/2024,"$1,859,000"
20,Townhouse,"$4,015",2992 sqft,Yes,$297,R2904863,,Residential,1993,,"179 - 20391 96 Ave, Langley, BC",3,4,2,10/07/2024,"$889,800"
21,Apartment/Condominium,,576 sqft,Yes,$798,R2904770,,Residential,2027,,"301 - 20644 Eastleigh Cres, Langley, BC",1,1,1,10/07/2024,"$459,900"
22,Apartment/Condominium,"$3,045",840 sqft,Yes,$713,R2905233,,Residential,2009,,"421 - 8915 202 St, Langley, BC",2,2,2,10/07/2024,"$599,000"
23,Apartment/Condominium,"$1,310",667 sqft,Yes,$682,R2904669,,Residential,2017,,"306 - 19730 56 Ave, Langley, BC",1,1,1,10/07/2024,"$455,000"
24,Townhouse,"$2,848",1601 sqft,Yes,$536,R2904268,,Residential,1989,,"97 - 5550 Langley Bypass, Langley, BC",2,2,2,09/07/2024,"$859,000"
25,Single Family Residence,"$6,469",3647 sqft,Yes,$463,R2904918,,Residential,2010,,"7330 197 St, Langley, BC",3,5,3,09/07/2024,"$1,689,888"
26,Apartment/Condominium,"$1,260",442 sqft,Yes,$947,R2904681,,Residential,2019,,"105 - 19940 Brydon Cres, Langley, BC",1,1,1,09/07/2024,"$419,000"
27,Apartment/Condominium,"$1,749",658 sqft,Yes,$582,R2904282,,Residential,1982,,"214 - 20454 53 Ave, Langley, BC",1,1,1,09/07/2024,"$383,000"
28,Single Family Residence,"$5,974",2218 sqft,Yes,$689,R2904154,,Residential,1993,,"19923 45 B Ave, Langley, BC",2,4,5,09/07/2024,"$1,529,000"
29,Single Family Residence,"$26,075",3446 sqft,Yes,"$2,231",R2904274,,Residential,1987,,"20745 68 Ave, Langley, BC",2,4,12,09/07/2024,"$7,690,000"
30,Single Family Residence,"$4,851",2359 sqft,Yes,$597,R2904273,,Residential,1973,,"4048 207a St, Langley, BC",2,4,8,09/07/2024,"$1,409,900"
31,Apartment/Condominium,"$1,764",762 sqft,Yes,$761,R2904155,,Residential,2017,,"312 - 20175 53 Ave, Langley, BC",2,2,2,09/07/2024,"$579,900"
32,Single Family Residence,"$7,770",3883 sqft,Yes,$733,R2903419,,Residential,2008,,"9463 Waska St, Langley, BC",3,3,4,08/07/2024,"$2,850,000"
33,Apartment/Condominium,"$2,780",637 sqft,Yes,$894,R2902868,,Residential,2023,,"615 - 8379 201 St, Langley, BC",1,1,1,08/07/2024,"$569,900"
34,Single Family Residence,"$8,912",5493 sqft,Yes,$509,R2904968,,Residential,2022,,"19681 31 A Ave, Langley, BC",7,8,4,08/07/2024,"$2,799,999"
35,Apartment/Condominium,"$3,364",869 sqft,Yes,$805,R2904233,,Residential,2023,,"503 - 8379 201 St, Langley, BC",2,2,2,08/07/2024,"$699,900"
36,Townhouse,,1641 sqft,Yes,$609,R2905001,,Residential,2024,,"56 - 7919 204 B St, Langley, BC",2,3,2,08/07/2024,"$999,900"
37,Apartment/Condominium,"$3,116",1358 sqft,Yes,$727,R2902563,,Residential,2021,,"313 - 20416 Park Ave, Langley, BC",2,2,1,08/07/2024,"$988,000"
38,Apartment/Condominium,,893 sqft,Yes,$750,R2903624,,Residential,2023,,"108 - 8379 201 St, Langley, BC",2,2,2,08/07/2024,"$669,999"
39,Apartment/Condominium,"$2,150",847 sqft,Yes,$707,R2904426,,Residential,2021,,"5415 Brydon Cres, Langley, BC",2,2,1,08/07/2024,"$599,000"
40,Townhouse,,1411 sqft,Yes,$694,R2904955,,Residential,2024,,"5 - 7919 204 B St, Langley, BC",2,4,3,08/07/2024,"$979,900"
41,Apartment/Condominium,"$3,270",1045 sqft,Yes,$602,R2904289,,Residential,2022,,"410 - 20362 72b Ave, Langley, BC",2,2,2,08/07/2024,"$629,900"
42,Apartment/Condominium,"$1,784",852 sqft,Yes,$686,R2903120,,Residential,2011,,"216 - 20219 54a Ave, Langley, BC",2,2,2,08/07/2024,"$585,000"
43,Single Family Residence,"$6,312",2083 sqft,Yes,$672,R2903126,,Residential,1988,,"21085 92 A Ave, Langley, BC",2,4,6,08/07/2024,"$1,399,980"
44,Townhouse,"$4,508",1702 sqft,Yes,$545,R2903553,,Residential,1994,,"97 - 9208 208 St, Langley, BC",2,3,2,08/07/2024,"$927,800"
45,Townhouse,,1509 sqft,Yes,$530,R2904005,,Residential,2004,,"111 - 7179 201 St, Langley, BC",1,3,2,08/07/2024,"$799,999"
46,Townhouse,,1427 sqft,Yes,$700,R2905110,,Residential,2024,,"37 - 7919 204 B St, Langley, BC",2,3,2,08/07/2024,"$999,900"
47,Single Family Residence,"$6,210",2942 sqft,No,$607,R2904246,,Residential,1994,,"22070 46 Ave, Langley, BC",3,6,2,08/07/2024,"$1,788,000"
48,Townhouse,"$3,819",1441 sqft,Yes,$644,R2902917,,Residential,2018,,"102 - 20498 82 Ave, Langley, BC",2,3,3,07/07/2024,"$928,888"
49,Apartment/Condominium,"$2,501",896 sqft,Yes,$735,R2903051,,Residential,2022,,"A208 - 20834 80 Ave, Langley, BC",2,2,2,07/07/2024,"$659,000"
50,Apartment/Condominium,"$2,739",852 sqft,Yes,$780,R2902268,,Residential,2022,,"101 - 8538 203 A St, Langley, BC",1,2,2,07/07/2024,"$665,000"
51,Single Family Residence,"$2,679",4463 sqft,Yes,$503,R2902903,,Residential,2024,,"7525 205 A St, Langley, BC",6,6,4,07/07/2024,"$2,249,000"
52,Single Family Residence,"$5,039",2679 sqft,Yes,$485,R2903308,,Residential,2001,,"21 - 20292 96 Ave, Langley, BC",2,5,5,07/07/2024,"$1,299,900"
53,Apartment/Condominium,"$3,054",931 sqft,Yes,$805,R2903335,,Residential,2020,,"612 - 20673 78 Ave, Langley, BC",2,2,2,07/07/2024,"$750,000"
54,Apartment/Condominium,"$2,988",935 sqft,No,$802,R2904624,,Residential,2022,,"B506 - 8447 202 St, Langley, BC",2,2,1,07/07/2024,"$749,900"
55,Single Family Residence,"$6,014",2701 sqft,Yes,$518,R2903420,,Residential,2006,,"20846 84a Ave, Langley, BC",3,4,4,07/07/2024,"$1,399,900"
56,Apartment/Condominium,,590 sqft,Yes,$796,R2902809,,Residential,2024,,"103 - 8117 200 A St, Langley, BC",1,1,1,04/07/2024,"$469,900"
57,Manufactured Home,$357,786 sqft,No,$253,R2902614,,Residential,1972,,"35 - 9080 198 St, Langley, BC",1,2,2,05/07/2024,"$199,500"
58,Townhouse,,1443 sqft,Yes,$741,R2903310,,Residential,2024,,"38 - 20329 80 Ave, Langley, BC",2,3,2,06/07/2024,"$1,069,900"
59,Townhouse,"$4,011",1223 sqft,Yes,$654,R2902812,,Residential,2011,,"64 - 7938 209 St, Langley, BC",2,2,2,04/07/2024,"$799,889"
60,Single Family Residence,"$2,477",3618 sqft,Yes,$577,R2902675,,Residential,2024,,"7145 204a St, Langley, BC",5,7,4,04/07/2024,"$2,088,000"
61,Single Family Residence,"$5,773",902 sqft,No,"$1,993",R2902542,,Residential,1950,,"23124 96 Ave, Langley, BC",1,2,0,04/07/2024,"$1,798,000"
62,Townhouse,"$4,738",2006 sqft,Yes,$593,R2902489,,Residential,2021,,"35 - 20327 72 B Ave, Langley, BC",3,4,2,04/07/2024,"$1,190,000"
63,Apartment/Condominium,"$1,445",582 sqft,Yes,$857,R2901692,,Residential,2012,,"111 - 20058 Fraser Highway, Langley, BC",1,1,1,04/07/2024,"$498,900"
64,Apartment/Condominium,"$2,517",1098 sqft,Yes,$473,R2902322,,Residential,1995,,"213 - 5765 Glover Rd, Langley, BC",2,2,2,03/07/2024,"$519,900"
65,Townhouse,"$3,993",1416 sqft,Yes,$627,R2902431,,Residential,2020,,"24 - 8161 201 St, Langley, BC",2,3,2,03/07/2024,"$888,800"
66,Single Family Residence,"$6,044",2733 sqft,Yes,$585,R2901878,,Residential,1993,,"22250 46a Ave, Langley, BC",3,5,6,03/07/2024,"$1,599,000"
67,Apartment/Condominium,"$2,861",673 sqft,Yes,$757,R2902085,,Residential,2018,,"413 - 20829 77a Ave, Langley, BC",1,1,1,03/07/2024,"$509,900"
68,Single Family Residence,"$8,255",3070 sqft,No,"$1,628",R2902287,,Residential,1971,,"20877 40 Ave, Langley, BC",3,4,0,03/07/2024,"$5,000,000"
69,Apartment/Condominium,"$2,042",786 sqft,Yes,$596,R2901423,,Residential,1998,,"118 - 20259 Michaud Cres, Langley, BC",1,1,1,03/07/2024,"$469,000"
70,Single Family Residence,"$5,265",3106 sqft,Yes,$426,R2900253,,Residential,1999,,"20817 97 Ave, Langley, BC",3,5,2,03/07/2024,"$1,324,900"
71,Apartment/Condominium,"$1,000",715 sqft,Yes,$839,R2902261,,Residential,2024,,"406 - 20267 72 B Ave, Langley, BC",2,2,1,03/07/2024,"$599,900"
72,Apartment/Condominium,"$3,473",1117 sqft,Yes,$643,R2901860,,Residential,2018,,"A204 - 8218 207a St, Langley, BC",2,2,2,02/07/2024,"$718,800"
73,Single Family Residence,"$5,910",1352 sqft,Yes,$980,R2901216,,Residential,1991,,"20807 93 Ave, Langley, BC",2,3,6,02/07/2024,"$1,325,000"
74,Single Family Residence,,5863 sqft,Yes,$443,R2902052,,Residential,2024,,"20339 27 Ave, Langley, BC",8,8,6,02/07/2024,"$2,598,000"
75,Apartment/Condominium,"$2,657",1345 sqft,Yes,$446,R2901708,,Residential,1994,,"102 - 20145 55a Ave, Langley, BC",2,2,1,02/07/2024,"$599,900"
76,Single Family Residence,"$6,334",2282 sqft,Yes,$788,R2902811,,Residential,1973,,"9206 Wright St, Langley, BC",2,4,8,02/07/2024,"$1,800,000"
77,Apartment/Condominium,"$2,142",995 sqft,Yes,$502,R2901608,,Residential,1992,,"115 - 20976 56 Ave, Langley, BC",2,2,1,02/07/2024,"$499,900"
78,Single Family Residence,"$4,495",1676 sqft,No,$637,R2901468,,Residential,1999,,"49 - 8888 216 St, Langley, BC",3,4,2,02/07/2024,"$1,068,000"
79,Apartment/Condominium,"$2,296",1088 sqft,Yes,$551,R2901365,,Residential,1993,,"111 - 5677 208 St, Langley, BC",2,2,1,02/07/2024,"$599,900"
80,Single Family Residence,"$6,602",3677 sqft,Yes,$462,R2901195,,Residential,2008,,"19789 68 Ave, Langley, BC",5,7,6,01/07/2024,"$1,699,000"
81,Single Family Residence,"$5,667",2103 sqft,Yes,"$1,426",R2900298,,Residential,1974,,"1265 235 St, Langley, BC",2,4,20,01/07/2024,"$2,999,000"
82,Single Family Residence,"$5,038",2092 sqft,Yes,$669,R2900891,,Residential,1975,,"20037 37a Ave, Langley, BC",3,4,5,01/07/2024,"$1,399,900"
83,Single Family Residence,"$7,117",2890 sqft,Yes,$692,R2901726,,Residential,1990,,"9025 203b St, Langley, BC",3,5,4,01/07/2024,"$2,000,000"
84,Apartment/Condominium,"$2,300",1413 sqft,Yes,$586,R2901171,,Residential,2018,,"B218 - 8218 207 A St, Langley, BC",2,3,2,01/07/2024,"$829,000"
85,Townhouse,"$4,664",2400 sqft,Yes,$478,R2902620,,Residential,2011,,"9 - 9584 216 St, Langley, BC",3,4,4,01/07/2024,"$1,149,000"
86,Single Family Residence,"$6,279",2806 sqft,Yes,$598,R2900685,,Residential,1989,,"21588 87a Ave, Langley, BC",2,3,6,01/07/2024,"$1,679,900"
87,Single Family Residence,"$5,960",3457 sqft,Yes,$442,R2902366,,Residential,2008,,"8378 208 St, Langley, BC",2,7,4,01/07/2024,"$1,529,000"
88,Apartment/Condominium,,738 sqft,Yes,$812,R2901329,,Residential,2023,,"B206 - 20834 80 Ave, Langley, BC",2,2,1,01/07/2024,"$599,900"
89,Townhouse,"$4,275",1765 sqft,Yes,$566,R2901354,,Residential,2016,,"58 - 20860 76 Ave, Langley, BC",2,4,2,01/07/2024,"$999,000"
90,Single Family Residence,"$4,599",1845 sqft,Yes,$595,R2900382,,Residential,2001,,"116 - 8888 216 St, Langley, BC",2,3,2,01/07/2024,"$1,099,000"
91,Apartment/Condominium,,710 sqft,Yes,$759,R2900755,,Residential,2011,,"418 - 21009 56 Ave, Langley, BC",1,1,1,01/07/2024,"$539,000"
92,Townhouse,"$4,043",1333 sqft,Yes,$675,R2900803,,Residential,2019,,"62 - 20849 78b Ave, Langley, BC",2,4,2,01/07/2024,"$899,900"
93,Single Family Residence,"$7,145",4557 sqft,Yes,$702,R2900316,,Residential,2020,,"2 - 23256 34a Ave, Langley, BC",4,6,15,01/07/2024,"$3,200,000"
94,Townhouse,"$3,598",1475 sqft,Yes,$541,R2900530,,Residential,2014,,"55 - 7298 199a St, Langley, BC",2,3,2,01/07/2024,"$799,000"
95,Townhouse,"$3,835",1178 sqft,Yes,$691,R2901585,,Residential,2017,,"8 - 20857 77a Ave, Langley, BC",2,2,2,01/07/2024,"$815,000"
96,Apartment/Condominium,"$3,081",879 sqft,Yes,$682,R2899348,,Residential,2012,,"A303 - 20211 66 Ave, Langley, BC",2,2,1,26/06/2024,"$599,900"
97,Apartment/Condominium,"$1,494",772 sqft,Yes,$633,R2899854,,Residential,1998,,"206 - 20896 57 Ave, Langley, BC",1,2,1,26/06/2024,"$489,000"
98,Townhouse,"$3,784",1550 sqft,Yes,$564,R2899847,,Residential,2007,,"131 - 20875 80 Ave, Langley, BC",3,3,2,26/06/2024,"$875,000"
99,Townhouse,"$4,195",2156 sqft,Yes,$463,R2898381,,Residential,2014,,"105 - 8068 207 St, Langley, BC",3,4,4,26/06/2024,"$1,000,000"
100,Apartment/Condominium,"$2,736",793 sqft,Yes,$693,R2899856,,Residential,2013,,"402 - 20861 83 Ave, Langley, BC",1,2,1,26/06/2024,"$549,900"
101,Apartment/Condominium,"$3,463",942 sqft,Yes,$742,R2899278,,Residential,2009,,"113 - 23215 Billy Brown Rd, Langley, BC",1,1,1,26/06/2024,"$699,900"
102,Apartment/Condominium,"$413,000",784 sqft,Yes,$636,R2899786,,Residential,1995,,"109 - 20110 Michaud Cres, Langley, BC",1,1,2,26/06/2024,"$498,800"
103,Townhouse,"$3,946",1300 sqft,Yes,$690,R2903755,,Residential,2016,,"46 - 8570 204 St, Langley, BC",2,3,3,09/07/2024,"$898,000"
104,Apartment/Condominium,"$2,908",866 sqft,Yes,$663,R2898934,,Residential,2011,,"321 - 21009 56 Ave, Langley, BC",2,2,2,25/06/2024,"$574,950"
105,Single Family Residence,"$5,797",1922 sqft,No,$777,R2898136,,Residential,1973,,"21764 50 Ave, Langley, BC",2,4,6,25/06/2024,"$1,495,000"
106,Apartment/Condominium,"$2,100",1134 sqft,Yes,$555,R2899917,,Residential,1993,,"103 - 20120 56 Ave, Langley, BC",2,2,1,25/06/2024,"$629,900"
107,Single Family Residence,"$18,923",2150 sqft,Yes,"$1,930",R2900040,,Residential,1949,,"2087 208 St, Langley, BC",2,3,0,25/06/2024,"$4,150,000"
108,Townhouse,"$3,045",1406 sqft,No,$496,R2899527,,Residential,1996,,"6 - 9036 208 St, Langley, BC",2,2,2,25/06/2024,"$697,800"
109,Townhouse,"$3,630",1452 sqft,Yes,$530,R2898846,,Residential,2011,,"3 - 20195 68 Ave, Langley, BC",2,2,1,25/06/2024,"$770,000"
110,Townhouse,,1428 sqft,Yes,$595,R2899622,,Residential,2022,,"42 - 20487 65 Ave, Langley, BC",2,2,2,25/06/2024,"$849,900"
111,Single Family Residence,"$4,746",1937 sqft,Yes,$825,R2899350,,Residential,1973,,"3921 204 St, Langley, BC",2,4,7,25/06/2024,"$1,599,000"
112,Single Family Residence,,3835 sqft,Yes,$521,R2898978,,Residential,2024,,"7515 205 St, Langley, BC",7,6,4,24/06/2024,"$2,000,000"
113,Apartment/Condominium,,607 sqft,Yes,$905,R2899105,,Residential,2025,,"222 - 7920 206 St, Langley, BC",1,1,1,24/06/2024,"$549,900"
114,Apartment/Condominium,"$2,590",551 sqft,Yes,$925,R2898868,,Residential,2021,,"A201 - 8150 207 St, Langley, BC",1,1,1,24/06/2024,"$509,800"
115,Townhouse,"$3,426",1540 sqft,Yes,$480,R2899204,,Residential,1993,,"241 - 20391 96 Ave, Langley, BC",2,2,2,24/06/2024,"$739,900"
116,Townhouse,"$3,597",1253 sqft,Yes,$590,R2898965,,Residential,2005,,"145 - 6747 203 St, Langley, BC",2,2,3,24/06/2024,"$739,880"
117,Single Family Residence,"$5,212",1975 sqft,No,$748,R2898850,,Residential,1973,,"20328 36b Ave, Langley, BC",2,4,6,24/06/2024,"$1,479,000"
118,Townhouse,"$3,586",1442 sqft,Yes,$533,R2898414,,Residential,1989,,"23 - 8737 212 St, Langley, BC",2,3,2,24/06/2024,"$770,000"
119,Single Family Residence,"$2,834",4878 sqft,Yes,$461,R2898457,,Residential,2024,,"7531 205 St, Langley, BC",6,8,0,24/06/2024,"$2,249,000"
120,Apartment/Condominium,"$3,031",1355 sqft,Yes,$737,R2898467,,Residential,2021,,"101 - 20416 Park Ave, Langley, BC",2,2,1,23/06/2024,"$999,000"
121,Townhouse,"$2,743",1018 sqft,No,$625,R2898233,,Residential,1977,,"6 - 4929 207a St, Langley, BC",1,3,4,23/06/2024,"$637,000"
122,Single Family Residence,"$5,312",1580 sqft,Yes,$784,R2899076,,Residential,1985,,"9397 213 St, Langley, BC",2,3,4,23/06/2024,"$1,240,000"
123,Single Family Residence,"$5,668",896 sqft,No,"$3,013",R2898647,,Residential,1958,,"5415 203 St, Langley, BC",1,2,2,23/06/2024,"$2,700,000"
124,Apartment/Condominium,"$2,471",552 sqft,Yes,$905,R2898230,,Residential,2021,,"A313 - 20727 Willoughby Town Centre Dr, Langley, BC",1,1,1,23/06/2024,"$499,800"
125,Apartment/Condominium,"$2,795",1138 sqft,Yes,$509,R2898330,,Residential,1992,,"306 - 6440 197 St, Langley, BC",2,2,1,23/06/2024,"$579,990"
126,Apartment/Condominium,"$2,938",890 sqft,Yes,$819,R2898888,,Residential,2022,,"109 - 20367 85 Ave, Langley, BC",2,2,2,23/06/2024,"$729,000"
127,Townhouse,"$3,734",1375 sqft,Yes,$570,R2898436,,Residential,2006,,"16 - 6747 203 St, Langley, BC",2,3,3,23/06/2024,"$784,900"
128,Single Family Residence,,3457 sqft,Yes,$603,R2897385,,Residential,2024,,"7136 204 St, Langley, BC",7,6,4,20/06/2024,"$2,088,000"
129,Apartment/Condominium,"$1,540",656 sqft,Yes,$761,R2897447,,Residential,2015,,"103 - 20078 Fraser Highway, Langley, BC",1,2,1,20/06/2024,"$499,800"
130,Townhouse,"$4,056",1692 sqft,Yes,$531,R2897692,,Residential,2018,,"60 - 7665 209 St, Langley, BC",2,4,2,20/06/2024,"$899,999"
131,Townhouse,"$3,752",1428 sqft,Yes,$545,R2896283,,Residential,2002,,"75 - 20540 66 Ave, Langley, BC",2,3,2,20/06/2024,"$779,000"
132,Manufactured On Land,"$5,605",2649 sqft,Yes,$754,R2896838,,Residential,1986,,"23760 68 Ave, Langley, BC",3,4,2,20/06/2024,"$1,999,000"
133,Single Family Residence,"$3,880",5488 sqft,Yes,"$1,001",R2898084,,Residential,2010,,"7547 240 St, Langley, BC",6,4,10,20/06/2024,"$5,498,000"
134,Apartment/Condominium,"$3,446",1048 sqft,Yes,$733,R2893037,,Residential,2016,,"106 - 8157 207 St, Langley, BC",2,2,2,20/06/2024,"$768,800"
135,Apartment/Condominium,,746 sqft,Yes,$884,R2898224,,Residential,2027,,"308 - 21000 79a Ave, Langley, BC",2,2,1,20/06/2024,"$659,900"
136,Apartment/Condominium,"$3,402",1097 sqft,Yes,$682,R2897080,,Residential,2022,,"B215 - 8150 207 St, Langley, BC",2,3,2,18/06/2024,"$749,000"
137,Townhouse,,1625 sqft,Yes,$569,R2895721,,Residential,2008,,"88 - 20038 70 Ave, Langley, BC",3,4,4,18/06/2024,"$924,988"
138,Apartment/Condominium,"$1,836",760 sqft,Yes,$749,R2897392,,Residential,2011,,"312 - 20460 Douglas Cres, Langley, BC",2,2,1,19/06/2024,"$569,900"
139,Manufactured On Land,$904,930 sqft,No,$268,R2897443,,Residential,1971,,"34 - 3931 198 St, Langley, BC",1,3,2,18/06/2024,"$250,000"
140,Apartment/Condominium,"$2,096",874 sqft,Yes,$600,R2896659,,Residential,1982,,"109 - 5294 204 St, Langley, BC",2,2,2,18/06/2024,"$525,000"
141,Apartment/Condominium,"$3,177",864 sqft,Yes,$762,R2897844,,Residential,2022,,"B505 - 20487 65 Ave, Langley, BC",2,2,2,19/06/2024,"$659,000"
142,Single Family Residence,"$6,115",2568 sqft,No,$895,R2897426,,Residential,1971,,"5231 234 St, Langley, BC",2,5,6,19/06/2024,"$2,299,000"
143,Townhouse,,1316 sqft,Yes,$661,R2898018,,Residential,2024,,"3 - 8120 200 St, Langley, BC",2,3,2,18/06/2024,"$869,900"
144,Single Family Residence,"$8,891",3144 sqft,Yes,"$1,430",R2896669,,Residential,2009,,"10376 Mckinnon Cres, Langley, BC",1,4,10,17/06/2024,"$4,498,000"
145,Single Family Residence,"$4,788",1272 sqft,Yes,"$1,060",R2896538,,Residential,1971,,"19833 36a Ave, Langley, BC",1,3,1,17/06/2024,"$1,349,000"
146,Townhouse,"$3,274",1290 sqft,Yes,$632,R2891655,,Residential,2016,,"37 - 20856 76 Ave, Langley, BC",2,2,2,17/06/2024,"$815,800"
147,Single Family Residence,"$1,804",1474 sqft,Yes,"$2,841",R2896482,,Residential,1956,,"1319 224 St, Langley, BC",2,3,10,17/06/2024,"$4,188,000"
148,Townhouse,"$5,544",3218 sqft,Yes,$431,R2895970,,Residential,2017,,"77 - 7138 210 St, Langley, BC",3,4,4,17/06/2024,"$1,388,000"
149,Apartment/Condominium,"$2,381",1218 sqft,Yes,$491,R2895117,,Residential,1992,,"203 - 5646 200 St, Langley, BC",2,2,1,17/06/2024,"$599,000"
150,Apartment/Condominium,"$2,635",706 sqft,Yes,$706,R2896328,,Residential,2013,,"308 - 5655 210a St, Langley, BC",1,1,1,17/06/2024,"$499,000"
151,Single Family Residence,"$8,655",5210 sqft,Yes,$479,R2896733,,Residential,2017,,"20849 44a Ave, Langley, BC",6,6,6,17/06/2024,"$2,499,800"
152,Townhouse,"$3,900",1816 sqft,Yes,$605,R2895355,,Residential,2022,,"35 - 19897 75 A Ave, Langley, BC",3,4,2,16/06/2024,"$1,099,000"
153,Townhouse,"$3,957",1495 sqft,Yes,$567,R2895766,,Residential,2018,,"76 - 7169 208a St, Langley, BC",2,3,2,16/06/2024,"$848,000"
154,Single Family Residence,"$7,578",4296 sqft,Yes,$488,R2895308,,Residential,2009,,"21003 83b Ave, Langley, BC",4,6,6,16/06/2024,"$2,099,900"
155,Apartment/Condominium,"$3,511",1613 sqft,Yes,$718,R2893819,,Residential,2022,,"601 - 20376 86 Ave, Langley, BC",2,2,2,16/06/2024,"$1,158,800"
156,Townhouse,"$3,663",1529 sqft,Yes,$672,R2895529,,Residential,2022,,"18 - 8430 203 A St, Langley, BC",3,4,2,16/06/2024,"$1,028,000"
157,Apartment/Condominium,"$3,328",1381 sqft,Yes,$622,R2894970,,Residential,2022,,"303 - 8538 203 A St, Langley, BC",2,3,2,16/06/2024,"$859,000"
158,Apartment/Condominium,"$1,542",835 sqft,No,$562,R2894736,,Residential,1985,,"308 - 5664 200 St, Langley, BC",1,2,1,16/06/2024,"$469,900"
159,Single Family Residence,"$3,547",5800 sqft,Yes,$430,R2896561,,Residential,2024,,"20174 27a Ave, Langley, BC",8,10,6,16/06/2024,"$2,499,000"
160,Apartment/Condominium,"$1,553",658 sqft,Yes,$758,R2895765,,Residential,2012,,"109 - 20058 Fraser Highway, Langley, BC",1,1,1,16/06/2024,"$499,000"
161,Apartment/Condominium,,519 sqft,Yes,$847,R2895411,,Residential,2024,,"412 - 5504 Brydon Cres, Langley, BC",1,1,1,16/06/2024,"$439,900"
162,Townhouse,"$4,563",2101 sqft,Yes,$571,R2896393,,Residential,2022,,"11 - 20261 72 B Ave, Langley, BC",3,4,4,16/06/2024,"$1,200,000"
163,Manufactured Home,"$1,540",1729 sqft,No,$323,R2896105,,Residential,1997,,"163 - 9080 198 St, Langley, BC",2,2,1,16/06/2024,"$559,000"
164,Single Family Residence,"$3,075",1218 sqft,No,$923,R2894678,,Residential,9999,,"5399 240 St, Langley, BC",1,3,0,13/06/2024,"$1,125,000"
165,Townhouse,"$2,871",1274 sqft,Yes,$620,R2894826,,Residential,1991,,"1 - 19920 56 Ave, Langley, BC",1,3,3,13/06/2024,"$789,900"
166,Apartment/Condominium,"$2,218",983 sqft,Yes,$691,R2895367,,Residential,2021,,"117 - 5486 199 A St, Langley, BC",2,2,2,16/06/2024,"$679,900"
167,Apartment/Condominium,"$2,688",744 sqft,Yes,$692,R2895341,,Residential,2009,,"117 - 8915 202 St, Langley, BC",1,1,1,16/06/2024,"$515,000"
168,Single Family Residence,"$8,181",2191 sqft,Yes,"$1,414",R2894211,,Residential,1978,,"6285 226 St, Langley, BC",2,3,20,11/06/2024,"$3,100,000"
169,Townhouse,"$3,780",1630 sqft,No,$545,R2894458,,Residential,2005,,"39 - 21661 88 Ave, Langley, BC",2,3,2,12/06/2024,"$889,000"
170,Single Family Residence,"$6,412",2820 sqft,Yes,$602,R2895429,,Residential,1974,,"4726 Saddlehorn Cres, Langley, BC",2,3,5,20/06/2024,"$1,699,000"
171,Single Family Residence,"$5,268",1417 sqft,Yes,$846,R2893926,,Residential,1984,,"9236 209a Cres, Langley, BC",2,3,3,11/06/2024,"$1,200,000"
172,Apartment/Condominium,"$2,827",1093 sqft,Yes,$511,R2895008,,Residential,1995,,"317 - 27358 32 Ave, Langley, BC",2,2,1,12/06/2024,"$559,000"
173,Townhouse,"$3,823",1246 sqft,Yes,$624,R2893651,,Residential,2003,,"28 - 20540 66 Ave, Langley, BC",2,3,3,11/06/2024,"$778,000"
174,Single Family Residence,"$5,423",2022 sqft,No,$816,R2893773,,Residential,1967,,"9079 Nash St, Langley, BC",1,4,6,11/06/2024,"$1,649,999"
175,Apartment/Condominium,,663 sqft,Yes,$904,R2893177,,Residential,2024,,"406 - 5504 Brydon Cres, Langley, BC",1,2,1,12/06/2024,"$599,900"
176,Single Family Residence,"$6,498",2974 sqft,Yes,$769,R2894318,,Residential,1970,,"8952 Hadden St, Langley, BC",3,4,8,11/06/2024,"$2,288,000"
177,Single Family Residence,"$5,359",2199 sqft,No,"$1,272",R2892932,,Residential,1962,,"23166 48 Ave, Langley, BC",2,4,1,11/06/2024,"$2,799,000"
178,Single Family Residence,"$7,824",5553 sqft,Yes,$468,R2893978,,Residential,2022,,"19805 32 Ave, Langley, BC",7,7,4,11/06/2024,"$2,599,999"
179,Single Family Residence,"$7,356",3527 sqft,No,"$1,558",R2891855,,Residential,1971,,"22061 64 Ave, Langley, BC",2,5,10,11/06/2024,"$5,496,000"
180,Single Family Residence,"$7,691",3866 sqft,Yes,$517,R2893970,,Residential,2011,,"7092 208a St, Langley, BC",4,5,4,11/06/2024,"$1,999,000"
181,Apartment/Condominium,,590 sqft,Yes,$779,R2894944,,Residential,2024,,"104 - 8140 200 St, Langley, BC",1,1,1,11/06/2024,"$460,000"
182,Townhouse,"$3,767",1294 sqft,Yes,$637,R2893884,,Residential,2013,,"45 - 4967 220 St, Langley, BC",2,3,3,11/06/2024,"$824,900"
183,Single Family Residence,"$7,072",4533 sqft,Yes,$485,R2894496,,Residential,2016,,"20770 46a Ave, Langley, BC",5,7,8,11/06/2024,"$2,199,999"
184,Apartment/Condominium,"$6,527",1429 sqft,No,$804,R2892557,,Residential,2014,,"202 - 9190 Church St, Langley, BC",2,2,1,09/06/2024,"$1,149,000"
185,Apartment/Condominium,"$3,076",1096 sqft,Yes,$748,R2892574,,Residential,2021,,"C507 - 8150 207 St, Langley, BC",2,2,2,09/06/2024,"$819,900"
186,Apartment/Condominium,"$2,488",633 sqft,Yes,$742,R2894463,,Residential,1997,,"319 - 19750 64 Ave, Langley, BC",1,1,1,09/06/2024,"$469,800"
187,Townhouse,"$4,129",1415 sqft,Yes,$650,R2893348,,Residential,2017,,"30 - 8138 204 St, Langley, BC",2,3,2,09/06/2024,"$920,000"
188,Single Family Residence,"$9,342",4426 sqft,Yes,$564,R2893768,,Residential,2021,,"2870 203 St, Langley, BC",4,7,5,09/06/2024,"$2,499,000"
189,Apartment/Condominium,,669 sqft,Yes,$850,R2892591,,Residential,2024,,"312 - 20077 84 Ave, Langley, BC",1,1,1,09/06/2024,"$569,000"
190,Townhouse,,1653 sqft,Yes,$756,R2892751,,Residential,2024,,"30 - 9122 King St, Langley, BC",3,4,2,09/06/2024,"$1,249,900"
191,Single Family Residence,"$10,045",5553 sqft,Yes,$423,R2892745,,Residential,2016,,"4770 209 St, Langley, BC",6,8,0,09/06/2024,"$2,349,999"
192,Apartment/Condominium,"$1,793",676 sqft,Yes,$767,R2891319,,Residential,2021,,"311 - 5485 Brydon Cres, Langley, BC",1,1,1,05/06/2024,"$519,000"
193,Manufactured Home,$726,1181 sqft,No,$364,R2891565,,Residential,1980,,"218 - 3665 244 St, Langley, BC",2,2,4,05/06/2024,"$429,900"
194,Townhouse,"$4,649",2237 sqft,Yes,$569,R2891200,,Residential,2020,,"68 - 20327 72 B Ave, Langley, BC",3,4,2,05/06/2024,"$1,274,900"
195,Single Family Residence,"$12,296",3644 sqft,Yes,"$1,015",R2892791,,Residential,1969,,"22063 86 A Ave, Langley, BC",2,5,6,05/06/2024,"$3,700,000"
196,Single Family Residence,"$5,457",3174 sqft,No,$535,R2891448,,Residential,2023,,"7634 206 St, Langley, BC",5,6,4,05/06/2024,"$1,699,900"
197,Single Family Residence,"$7,216",1698 sqft,No,"$1,693",R2891581,,Residential,9999,,"24401 58 Ave, Langley, BC",1,3,0,05/06/2024,"$2,875,000"
198,Single Family Residence,"$4,895",1559 sqft,Yes,$769,R2891180,,Residential,1980,,"2393 Wakefield Dr, Langley, BC",2,3,0,05/06/2024,"$1,199,000"
199,Single Family Residence,"$6,243",3570 sqft,Yes,$483,R2891683,,Residential,2008,,"8213 211 St, Langley, BC",4,6,6,05/06/2024,"$1,725,000"
200,Townhouse,"$3,818",2214 sqft,Yes,$433,R2891278,,Residential,1998,,"2 - 20222 96 Ave, Langley, BC",2,3,2,04/06/2024,"$959,900"
201,Single Family Residence,"$5,622",1817 sqft,Yes,$747,R2891654,,Residential,1981,,"20473 Telegraph Trail, Langley, BC",2,3,2,04/06/2024,"$1,358,000"
202,Apartment/Condominium,"$1,689",656 sqft,Yes,$725,R2890732,,Residential,2021,,"217 - 5486 199a St, Langley, BC",1,1,1,04/06/2024,"$476,000"
203,Townhouse,"$3,607",1605 sqft,Yes,$522,R2891602,,Residential,1993,,"57 - 21928 48 Ave, Langley, BC",2,3,2,04/06/2024,"$838,000"
204,Single Family Residence,,4891 sqft,Yes,$510,R2891288,,Residential,2024,,"21026 45 A Ave, Langley, BC",5,7,0,04/06/2024,"$2,499,000"
205,Townhouse,"$3,890",1935 sqft,Yes,$459,R2892168,,Residential,1996,,"12 - 19948 Willoughby Way, Langley, BC",2,4,2,04/06/2024,"$889,900"
206,Townhouse,"$4,672",1574 sqft,Yes,$600,R2891106,,Residential,2019,,"8 - 20849 78b Ave, Langley, BC",2,3,2,04/06/2024,"$945,000"
207,Townhouse,"$2,957",1346 sqft,Yes,$594,R2890257,,Residential,1990,,"34 - 19649 53 Ave, Langley, BC",2,2,3,04/06/2024,"$799,999"
208,Single Family Residence,"$6,112",2743 sqft,Yes,$765,R2889580,,Residential,1973,,"5032 236 St, Langley, BC",3,4,12,02/06/2024,"$2,098,900"
209,Apartment/Condominium,"$2,301",510 sqft,Yes,$743,R2890178,,Residential,2005,,"319 - 8880 202 St, Langley, BC",1,1,1,03/06/2024,"$379,000"
210,Single Family Residence,"$8,450",4706 sqft,Yes,$637,R2889242,,Residential,2016,,"20261 41 Ave, Langley, BC",4,8,4,02/06/2024,"$2,999,900"
211,Single Family Residence,"$5,138",2677 sqft,Yes,$560,R2889758,,Residential,1973,,"19793 38a Ave, Langley, BC",4,6,1,02/06/2024,"$1,500,000"
212,Apartment/Condominium,,1056 sqft,Yes,$625,R2889157,,Residential,2023,,"104 - 19825 54 Ave, Langley, BC",2,3,1,02/06/2024,"$660,000"
213,Apartment/Condominium,"$3,084",805 sqft,Yes,$787,R2889765,,Residential,2020,,"416 - 20673 78 Ave, Langley, BC",2,2,2,02/06/2024,"$633,800"
214,Apartment/Condominium,"$3,084",791 sqft,Yes,$796,R2889533,,Residential,2020,,"421 - 20673 78 Ave, Langley, BC",2,2,2,02/06/2024,"$630,000"
215,Townhouse,"$4,126",1769 sqft,Yes,$514,R2887526,,Residential,2006,,"32 - 20120 68 Ave, Langley, BC",3,3,2,02/06/2024,"$910,000"
216,Apartment/Condominium,"$3,117",876 sqft,Yes,$740,R2888307,,Residential,2022,,"F407 - 8353 200 A St, Langley, BC",2,2,1,28/05/2024,"$649,000"
217,Single Family Residence,"$3,547",5960 sqft,Yes,$419,R2889213,,Residential,2024,,"20232 27a Ave, Langley, BC",7,9,7,30/05/2024,"$2,499,000"
218,Townhouse,"$3,610",1596 sqft,Yes,$526,R2887886,,Residential,1993,,"72 - 21928 48 Ave, Langley, BC",2,3,2,28/05/2024,"$839,900"
219,Apartment/Condominium,"$2,400",1272 sqft,Yes,$448,R2889250,,Residential,1990,,"312 - 20680 56 Ave, Langley, BC",2,2,2,30/05/2024,"$569,900"
220,Apartment/Condominium,"$2,792",1022 sqft,Yes,$615,R2887900,,Residential,1996,,"109 - 19750 64 Ave, Langley, BC",2,2,2,28/05/2024,"$628,800"
221,Single Family Residence,"$5,483",2177 sqft,Yes,$642,R2888921,,Residential,1987,,"20771 44 Ave, Langley, BC",3,5,7,29/05/2024,"$1,399,000"
222,Single Family Residence,"$5,931",3066 sqft,Yes,$515,R2888720,,Residential,2004,,"7075 200b St, Langley, BC",3,4,6,29/05/2024,"$1,579,900"
223,Single Family Residence,$553,1668 sqft,No,"$1,671",R2889734,,Residential,9999,,"23891 0 Ave, Langley, BC",1,2,10,29/05/2024,"$2,788,000"
224,Townhouse,"$2,883",1510 sqft,Yes,$529,R2887672,,Residential,2021,,"58 - 19760 55 Ave, Langley, BC",2,3,2,27/05/2024,"$800,000"
225,Single Family Residence,"$5,590",3527 sqft,Yes,$821,R2888137,,Residential,2008,,"1 - 23371 34a Ave, Langley, BC",4,5,2,27/05/2024,"$2,898,000"
226,Townhouse,"$3,200",1269 sqft,Yes,$586,R2888730,,Residential,2003,,"9 - 20176 68 Ave, Langley, BC",2,2,3,27/05/2024,"$744,000"
227,Single Family Residence,"$5,397",3200 sqft,Yes,$871,R2887861,,Residential,1940,,"6810 232 St, Langley, BC",0,5,6,27/05/2024,"$2,790,000"
228,Townhouse,"$3,796",1477 sqft,Yes,$608,R2887747,,Residential,2022,,"87 - 20180 84 Ave, Langley, BC",3,4,2,27/05/2024,"$899,000"
229,Townhouse,"$3,078",1411 sqft,No,$531,R2887926,,Residential,1996,,"31 - 9036 208 St, Langley, BC",2,2,2,27/05/2024,"$750,000"
230,Townhouse,"$4,917",2599 sqft,Yes,$471,R2887746,,Residential,2017,,"17 - 19938 70 Ave, Langley, BC",3,4,2,27/05/2024,"$1,224,900"
231,Townhouse,"$4,537",2145 sqft,Yes,$524,R2889204,,Residential,2011,,"12 - 20738 84 Ave, Langley, BC",3,3,2,27/05/2024,"$1,125,000"
232,Single Family Residence,"$2,023",5025 sqft,Yes,$517,R2886777,,Residential,2023,,"20149 27 Ave, Langley, BC",6,8,6,23/05/2024,"$2,599,000"
233,Apartment/Condominium,,663 sqft,Yes,$873,R2888247,,Residential,2024,,"315 - 5504 Brydon Cres, Langley, BC",1,2,2,23/05/2024,"$579,000"
234,Apartment/Condominium,"$3,120",893 sqft,Yes,$794,R2886022,,Residential,2021,,"A204 - 8150 207 St, Langley, BC",2,2,2,22/05/2024,"$709,900"
235,Townhouse,,1446 sqft,Yes,$608,R2886981,,Residential,2024,,"43 - 20164 81 A Ave, Langley, BC",2,3,2,24/05/2024,"$879,900"
236,Apartment/Condominium,"$3,078",834 sqft,Yes,$743,R2886208,,Residential,2022,,"B313 - 8150 207 St, Langley, BC",2,2,1,22/05/2024,"$619,900"
237,Single Family Residence,"$6,835",3747 sqft,Yes,$466,R2888470,,Residential,2022,,"21038 72 Ave, Langley, BC",4,5,4,23/05/2024,"$1,749,000"
238,Single Family Residence,"$2,527",3645 sqft,Yes,$493,R2886848,,Residential,2024,,"7513 205 A St, Langley, BC",5,7,4,22/05/2024,"$1,799,000"
239,Apartment/Condominium,,477 sqft,Yes,$890,R2888685,,Residential,2024,,"502 - 5504 Brydon Cres, Langley, BC",1,1,1,23/05/2024,"$424,900"
240,Single Family Residence,"$5,353",1498 sqft,Yes,"$1,134",R2886118,,Residential,1979,,"19971 39a Ave, Langley, BC",2,3,10,21/05/2024,"$1,699,999"
241,Single Family Residence,"$5,825",3616 sqft,Yes,$456,R2886252,,Residential,2006,,"8336 209a St, Langley, BC",3,4,4,21/05/2024,"$1,649,000"
242,Apartment/Condominium,"$3,176",921 sqft,Yes,$759,R2886609,,Residential,2021,,"D317 - 8150 207 St, Langley, BC",2,2,2,21/05/2024,"$699,900"
243,Townhouse,"$2,983",1452 sqft,No,$464,R2886093,,Residential,1995,,"52 - 8892 208 St, Langley, BC",2,2,2,21/05/2024,"$674,500"
244,Single Family Residence,"$4,303",845 sqft,No,"$1,584",R2886095,,Residential,1944,,"4775 208 St, Langley, BC",1,2,0,21/05/2024,"$1,339,000"
245,Single Family Residence,"$6,310",4950 sqft,Yes,$585,R2885688,,Residential,2023,,"9229 Marr St, Langley, BC",6,7,8,21/05/2024,"$2,899,800"
246,Single Family Residence,"$7,608",3764 sqft,Yes,$573,R2885947,,Residential,2015,,"8516 205b St, Langley, BC",4,6,6,21/05/2024,"$2,159,990"
247,Single Family Residence,"$7,090",4171 sqft,Yes,$407,R2886083,,Residential,2010,,"7250 199 St, Langley, BC",4,7,3,21/05/2024,"$1,699,000"
248,Single Family Residence,"$4,447",1818 sqft,Yes,$731,R2884624,,Residential,1976,,"4504 202a St, Langley, BC",2,3,5,19/05/2024,"$1,329,000"
249,Single Family Residence,"$7,958",4200 sqft,Yes,$566,R2884909,,Residential,2020,,"8357 209b St, Langley, BC",6,7,0,19/05/2024,"$2,380,000"
250,Single Family Residence,"$5,729",2288 sqft,Yes,$699,R2884250,,Residential,1989,,"8530 213 St, Langley, BC",2,3,8,16/05/2024,"$1,599,900"
251,Apartment/Condominium,"$2,718",602 sqft,Yes,$830,R2884110,,Residential,2017,,"E307 - 20211 66 Ave, Langley, BC",1,1,1,19/05/2024,"$500,000"
252,Single Family Residence,"$7,455",6957 sqft,Yes,"$1,407",R2883608,,Residential,2020,,"2974 224 St, Langley, BC",6,7,20,16/05/2024,"$9,790,000"
253,Single Family Residence,"$2,576",2574 sqft,Yes,"$2,093",R2884160,,Residential,1985,,"10392 208 St, Langley, BC",2,3,0,11/07/2024,"$5,388,000"
254,Single Family Residence,"$6,243",3350 sqft,Yes,$494,R2883950,,Residential,2005,,"20119 70 A Ave, Langley, BC",3,6,4,19/05/2024,"$1,658,000"
255,Apartment/Condominium,,606 sqft,Yes,$924,R2886517,,Residential,2024,,"601 - 5504 Brydon Cres, Langley, BC",1,1,1,19/05/2024,"$560,000"
256,Apartment/Condominium,"$3,269",707 sqft,Yes,$975,R2882866,,Residential,2012,,"404 - 23255 Billy Brown Rd, Langley, BC",1,1,1,14/05/2024,"$689,900"
257,Single Family Residence,"$5,142",2134 sqft,Yes,$674,R2883327,,Residential,1975,,"4656 203a St, Langley, BC",3,3,2,14/05/2024,"$1,439,999"
258,Single Family Residence,"$5,203",3807 sqft,Yes,$551,R2882996,,Residential,2014,,"23806 Old Yale Rd, Langley, BC",2,5,12,14/05/2024,"$2,100,000"
259,Single Family Residence,"$6,520",2837 sqft,Yes,$722,R2883914,,Residential,2012,,"3681 200 St, Langley, BC",3,6,10,14/05/2024,"$2,049,000"
260,Single Family Residence,"$4,283",1713 sqft,Yes,$781,R2883752,,Residential,1975,,"20473 43a Ave, Langley, BC",2,3,6,14/05/2024,"$1,339,000"
261,Single Family Residence,"$4,788",4438 sqft,Yes,$504,R2879331,,Residential,2024,,"7507 205 St, Langley, BC",5,6,0,14/05/2024,"$2,239,000"
262,Single Family Residence,"$2,507",3225 sqft,Yes,$517,R2883548,,Residential,2024,,"20538 75 Ave, Langley, BC",5,6,4,14/05/2024,"$1,668,888"
263,Single Family Residence,"$6,093",2700 sqft,Yes,$629,R2882203,,Residential,1993,,"4674 206 St, Langley, BC",2,4,4,12/05/2024,"$1,699,000"
264,Single Family Residence,"$6,825",3633 sqft,Yes,$494,R2881891,,Residential,2006,,"6746 205a St, Langley, BC",4,6,4,12/05/2024,"$1,795,000"
265,Townhouse,"$3,491",1629 sqft,Yes,$515,R2882973,,Residential,1995,,"126 - 20391 96 Ave, Langley, BC",2,2,2,12/05/2024,"$839,000"
266,Single Family Residence,"$5,253",3270 sqft,Yes,$458,R2882260,,Residential,2006,,"21777 95b Ave, Langley, BC",3,5,4,12/05/2024,"$1,499,900"
267,Townhouse,"$3,686",1407 sqft,Yes,$568,R2881661,,Residential,2003,,"42 - 20560 66 Ave, Langley, BC",2,3,2,12/05/2024,"$799,900"
268,Single Family Residence,"$7,831",5611 sqft,Yes,$356,R2882339,,Residential,2013,,"20536 69 Ave, Langley, BC",5,8,4,12/05/2024,"$1,999,900"
269,Apartment/Condominium,$837,660 sqft,Yes,$710,R2882250,,Residential,2007,,"406 - 19730 56 Ave, Langley, BC",1,1,1,12/05/2024,"$468,900"
270,Townhouse,"$3,563",1500 sqft,No,$566,R2882708,,Residential,2005,,"168 - 20033 70 Ave, Langley, BC",3,3,2,12/05/2024,"$849,900"
271,Single Family Residence,"$10,455",3542 sqft,Yes,"$1,241",R2881166,,Residential,1969,,"2535 204 St, Langley, BC",3,5,5,07/05/2024,"$4,399,000"
272,Single Family Residence,"$8,333",5217 sqft,Yes,$488,R2880528,,Residential,1979,,"25789 8 Ave, Langley, BC",4,6,12,06/05/2024,"$2,550,000"
273,Multi Family,"$3,435",2485 sqft,Yes,$543,R2882751,,Residential,2024,,"19647 74 Ave, Langley, BC",4,5,2,07/05/2024,"$1,349,900"
274,Apartment/Condominium,,967 sqft,Yes,$759,R2879607,,Residential,2024,,"305 - 20081 68 Ave, Langley, BC",2,2,2,06/05/2024,"$734,900"
275,Single Family Residence,"$7,709",4875 sqft,Yes,$475,R2881301,,Residential,1993,,"20567 98 Ave, Langley, BC",6,7,6,07/05/2024,"$2,320,000"
276,Apartment/Condominium,"$1,672",814 sqft,Yes,$675,R2881367,,Residential,2008,,"303 - 19830 56 Ave, Langley, BC",1,2,1,07/05/2024,"$549,900"
277,Single Family Residence,"$7,060",2511 sqft,Yes,$816,R2880614,,Residential,1991,,"25045 56 Ave, Langley, BC",2,3,10,07/05/2024,"$2,049,888"
278,Townhouse,"$3,835",1173 sqft,Yes,$680,R2879838,,Residential,2017,,"11 - 20857 77a Ave, Langley, BC",2,2,2,06/05/2024,"$798,000"
279,Single Family Residence,"$11,666",3464 sqft,Yes,"$1,573",R2879286,,Residential,1997,,"3170 196 St, Langley, BC",4,6,6,03/05/2024,"$5,450,000"
280,Single Family Residence,"$6,639",1625 sqft,Yes,"$5,846",R2879125,,Residential,1928,,"22164 79 Ave, Langley, BC",1,3,3,05/05/2024,"$9,500,000"
281,Single Family Residence,"$9,478",1393 sqft,Yes,"$3,503",R2879339,,Residential,9999,,"19642 32 Ave, Langley, BC",2,3,6,03/05/2024,"$4,880,000"
282,Single Family Residence,"$5,901",2760 sqft,Yes,$539,R2879694,,Residential,2007,,"8421 209 St, Langley, BC",3,4,4,05/05/2024,"$1,489,000"
283,Townhouse,"$5,227",2829 sqft,Yes,$489,R2879602,,Residential,2017,,"47 - 7138 210 St, Langley, BC",3,3,4,03/05/2024,"$1,385,000"
284,Single Family Residence,"$5,668",2129 sqft,No,$634,R2878606,,Residential,1978,,"20567 51a Ave, Langley, BC",4,5,0,02/05/2024,"$1,349,900"
285,Townhouse,"$4,195",3252 sqft,Yes,$439,R2880095,,Residential,2022,,"3 - 8567 204 St, Langley, BC",3,4,4,05/05/2024,"$1,428,000"
286,Townhouse,"$2,889",1410 sqft,Yes,$609,R2879019,,Residential,2020,,"33 - 5515 199 A St, Langley, BC",2,3,2,04/05/2024,"$859,900"
287,Single Family Residence,$7,3000 sqft,No,$233,R2877641,,Residential,9999,,"3949 197 St, Langley, BC",3,4,3,30/04/2024,"$699,800"
288,Single Family Residence,"$8,384",5426 sqft,Yes,$432,R2878022,,Residential,2006,,"19695 71 Ave, Langley, BC",6,7,6,30/04/2024,"$2,349,000"
289,Single Family Residence,"$4,824",1650 sqft,Yes,"$1,150",R2877581,,Residential,9999,,"19868 54 Ave, Langley, BC",1,0,10,29/04/2024,"$1,899,000"
290,Single Family Residence,"$5,646",2132 sqft,Yes,$650,R2878435,,Residential,1985,,"9466 214b St, Langley, BC",2,3,6,29/04/2024,"$1,386,000"
291,Single Family Residence,,3940 sqft,Yes,$545,R2877869,,Residential,2024,,"19635 75 B Ave, Langley, BC",4,6,4,30/04/2024,"$2,150,000"
292,Single Family Residence,,3532 sqft,Yes,$565,R2878088,,Residential,2024,,"19625 75 Ave, Langley, BC",4,5,4,30/04/2024,"$1,998,000"
293,Apartment/Condominium,,724 sqft,No,$602,R2878923,,Residential,1984,,"307 - 5664 200 St, Langley, BC",1,1,1,30/04/2024,"$435,900"
294,Apartment/Condominium,,689 sqft,Yes,$914,R2877908,,Residential,2027,,"B226 - 20117 84 Ave, Langley, BC",1,2,0,30/04/2024,"$629,900"
295,Apartment/Condominium,"$3,206",881 sqft,Yes,$715,R2875443,,Residential,2013,,"C404 - 20211 66 Ave, Langley, BC",2,2,1,24/04/2024,"$630,000"
296,Townhouse,"$3,274",1490 sqft,Yes,$536,R2876099,,Residential,1996,,"42 - 8890 Walnut Grove Dr, Langley, BC",1,3,2,23/04/2024,"$799,000"
297,Townhouse,,1314 sqft,Yes,$776,R2875541,,Residential,2024,,"38 - 8433 203 A St, Langley, BC",2,3,2,24/04/2024,"$1,019,900"
298,Single Family Residence,"$4,857",1039 sqft,No,"$2,309",R2875200,,Residential,1949,,"20765 Douglas Cres, Langley, BC",1,2,2,04/05/2024,"$2,400,000"
299,Townhouse,"$4,052",1493 sqft,Yes,$575,R2875365,,Residential,2020,,"5 - 21688 52 Ave, Langley, BC",2,3,2,24/04/2024,"$859,900"
300,Single Family Residence,,4246 sqft,Yes,$447,R2875487,,Residential,2024,,"1 - 23809 Old Yale Rd, Langley, BC",4,6,6,24/04/2024,"$1,899,900"
301,Single Family Residence,"$5,048",800 sqft,No,"$3,000",R2875196,,Residential,1946,,"20755 Douglas Cres, Langley, BC",1,2,2,07/05/2024,"$2,400,000"
302,Apartment/Condominium,"$1,192",624 sqft,No,$669,R2875175,,Residential,1984,,"208 - 5700 200 St, Langley, BC",1,1,1,24/04/2024,"$418,000"
303,Single Family Residence,"$6,404",1883 sqft,Yes,"$1,274",R2872053,,Residential,1976,,"4771 199a St, Langley, BC",2,4,1,17/04/2024,"$2,399,000"
304,Townhouse,"$3,437",1329 sqft,Yes,$692,R2872372,,Residential,2022,,"12 - 8430 203 A St, Langley, BC",2,3,2,17/04/2024,"$919,800"
305,Single Family Residence,$255,1025 sqft,Yes,"$2,780",R2872844,,Residential,9999,,"5108 244 St, Langley, BC",1,2,10,17/04/2024,"$2,850,000"
306,Single Family Residence,"$7,220",4787 sqft,No,$626,R2872750,,Residential,1992,,"8904 Nash St, Langley, BC",5,8,7,17/04/2024,"$2,998,000"
307,Townhouse,$1,1319 sqft,Yes,$659,R2871317,,Residential,2024,,"112 - 5330 198 St, Langley, BC",2,3,2,17/04/2024,"$869,900"
308,Single Family Residence,"$6,529",915 sqft,No,"$2,950",R2871716,,Residential,9999,,"5419 203 St, Langley, BC",1,2,6,17/04/2024,"$2,700,000"
309,Townhouse,"$3,856",1374 sqft,No,$617,R2872560,,Residential,2016,,"76 - 8476 207a St, Langley, BC",2,3,3,17/04/2024,"$848,000"
310,Townhouse,"$4,855",1504 sqft,Yes,$697,R2872549,,Residential,2022,,"33 - 20189 84 Ave, Langley, BC",2,3,2,17/04/2024,"$1,049,000"
311,Apartment/Condominium,"$3,063",897 sqft,Yes,$746,R2870134,,Residential,2021,,"215 - 20356 72b Ave, Langley, BC",2,2,1,11/04/2024,"$669,999"
312,Townhouse,"$2,271",1308 sqft,Yes,$610,R2870275,,Residential,2017,,"6 - 19753 55a Ave, Langley, BC",2,2,2,11/04/2024,"$798,900"
313,Single Family Residence,"$2,857",2172 sqft,No,"$1,772",R2866512,,Residential,1979,,"21896 40 Ave, Langley, BC",3,6,0,10/04/2024,"$3,850,000"
314,Single Family Residence,"$7,569",5465 sqft,Yes,$371,R2870014,,Residential,2013,,"20574 69 Ave, Langley, BC",4,6,4,11/04/2024,"$2,030,000"
315,Single Family Residence,"$6,093",2183 sqft,No,$698,R2870268,,Residential,1967,,"20173 48 Ave, Langley, BC",2,4,0,11/04/2024,"$1,525,000"
316,Single Family Residence,"$6,230",1935 sqft,Yes,"$1,549",R2869568,,Residential,1975,,"23048 64 Ave, Langley, BC",2,3,5,10/04/2024,"$2,999,000"
317,Apartment/Condominium,"$2,724",704 sqft,Yes,$750,R2871075,,Residential,2020,,"B003 - 20087 68 Ave, Langley, BC",1,1,1,11/04/2024,"$528,000"
318,Apartment/Condominium,,887 sqft,Yes,$799,R2869799,,Residential,2023,,"417 - 20695 Eastleigh Cres, Langley, BC",2,2,2,11/04/2024,"$709,000"
319,Single Family Residence,,2502 sqft,Yes,"$1,038",R2868172,,Residential,1972,,"4655 Saddlehorn Cres, Langley, BC",2,3,30,07/04/2024,"$2,599,000"
320,Single Family Residence,"$6,941",3806 sqft,Yes,$453,R2867386,,Residential,2008,,"20334 98a Ave, Langley, BC",4,7,6,07/04/2024,"$1,725,000"
321,Single Family Residence,"$7,622",1750 sqft,No,"$1,994",R2867019,,Residential,1980,,"20230 28 Ave, Langley, BC",3,3,0,07/04/2024,"$3,490,000"
322,Single Family Residence,"$1,086",3506 sqft,Yes,"$1,425",R2867837,,Residential,1927,,"24250 88 Ave, Langley, BC",4,6,10,07/04/2024,"$4,999,000"
323,Single Family Residence,"$19,333",8878 sqft,Yes,$822,R2868154,,Residential,2018,,"7670 240 St, Langley, BC",6,8,10,07/04/2024,"$7,298,000"
324,Single Family Residence,"$5,479",2409 sqft,Yes,$612,R2867920,,Residential,1977,,"20501 45a Ave, Langley, BC",3,4,6,06/04/2024,"$1,475,000"
325,Townhouse,"$3,586",1580 sqft,Yes,$568,R2867278,,Residential,2008,,"57 - 20038 70 Ave, Langley, BC",3,4,4,04/04/2024,"$899,000"
326,Single Family Residence,"$19,132",2104 sqft,Yes,"$5,465",R2868825,,Residential,1986,,"19810 20 Ave, Langley, BC",2,4,10,07/04/2024,"$11,500,000"
327,Single Family Residence,"$9,165",3330 sqft,No,"$2,972",R2864370,,Residential,1973,,"21068 16 Ave, Langley, BC",3,5,15,28/03/2024,"$9,900,000"
328,Single Family Residence,"$4,582",2357 sqft,Yes,$636,R2862947,,Residential,1975,,"20277 36 Ave, Langley, BC",2,5,7,26/03/2024,"$1,499,999"
329,Single Family Residence,"$5,352",1260 sqft,Yes,"$2,373",R2863764,,Residential,1970,,"3916 240 St, Langley, BC",3,3,2,27/03/2024,"$2,990,000"
330,Single Family Residence,"$7,021",2300 sqft,No,$825,R2861872,,Residential,1970,,"9476 210 St, Langley, BC",2,5,8,25/03/2024,"$1,899,000"
331,Single Family Residence,"$5,087",3960 sqft,Yes,$626,R2864681,,Residential,1998,,"20759 97b Ave, Langley, BC",3,5,4,28/03/2024,"$2,480,000"
332,Single Family Residence,"$5,081",1339 sqft,Yes,$873,R2864436,,Residential,1987,,"9381 210 St, Langley, BC",2,3,2,28/03/2024,"$1,169,900"
333,Townhouse,"$2,941",1607 sqft,No,$507,R2865809,,Residential,1990,,"110 - 5360 201 St, Langley, BC",2,4,1,27/03/2024,"$814,888"
334,Townhouse,"$2,466",1337 sqft,No,$463,R2862174,,Residential,1971,,"6 - 5351 200 St, Langley, BC",1,3,1,25/03/2024,"$619,600"
335,Single Family Residence,"$93,801",2306 sqft,Yes,"$10,407",R2860904,,Residential,1983,,"3386 200 St, Langley, BC",2,4,6,17/03/2024,"$23,999,000"
336,Single Family Residence,"$2,507",3225 sqft,Yes,$539,R2860991,,Residential,2024,,"20546 75 Ave, Langley, BC",6,6,4,17/03/2024,"$1,739,998"
337,Apartment/Condominium,"$1,836",792 sqft,Yes,$742,R2859724,,Residential,2020,,"307 - 20686 Eastleigh Cres, Langley, BC",2,2,2,14/03/2024,"$588,000"
338,Single Family Residence,,4820 sqft,Yes,$617,R2860397,,Residential,2025,,"4601 215 B St, Langley, BC",5,5,3,14/03/2024,"$2,975,000"
339,Single Family Residence,"$5,533",2052 sqft,Yes,$670,R2860177,,Residential,1983,,"21219 93 Ave, Langley, BC",2,4,4,12/03/2024,"$1,375,000"
340,Single Family Residence,"$8,472",5675 sqft,Yes,"$1,101",R2860865,,Residential,2022,,"1997 240 St, Langley, BC",5,4,20,17/03/2024,"$6,250,000"
341,Single Family Residence,"$7,551",4527 sqft,Yes,$459,R2859954,,Residential,2014,,"4814 201 St, Langley, BC",4,7,10,15/03/2024,"$2,080,000"
342,Single Family Residence,"$5,263",7685 sqft,Yes,$689,R2861025,,Residential,2018,,"1812 232 St, Langley, BC",9,10,0,17/03/2024,"$5,299,000"
343,Single Family Residence,"$2,257",3083 sqft,Yes,$609,R2851992,,Residential,2024,,"6813 205 St, Langley, BC",6,7,4,21/02/2024,"$1,879,000"
344,Single Family Residence,"$2,518",4092 sqft,Yes,"$2,590",R2852395,,Residential,1975,,"4665 233 St, Langley, BC",2,4,2,22/02/2024,"$10,600,000"
345,Apartment/Condominium,$910,890 sqft,Yes,$671,R2854198,,Residential,2007,,"407 - 19730 56 Ave, Langley, BC",2,2,2,25/02/2024,"$598,000"
346,Apartment/Condominium,"$1,074",1602 sqft,Yes,$623,R2853941,,Residential,2017,,"111 - 8157 207 St, Langley, BC",2,3,2,26/02/2024,"$998,800"
347,Apartment/Condominium,"$2,034",940 sqft,Yes,$669,R2853094,,Residential,2013,,"112 - 20068 Fraser Highway, Langley, BC",2,2,1,25/02/2024,"$629,000"
348,Manufactured Home,"$1,258",1282 sqft,Yes,$337,R2840753,,Residential,1995,,"155 - 9080 198 St, Langley, BC",2,2,2,22/02/2024,"$432,500"
349,Single Family Residence,"$17,010",2000 sqft,Yes,"$4,750",R2853201,,Residential,1979,,"20050 32 Ave, Langley, BC",2,3,8,22/02/2024,"$9,500,000"
350,Single Family Residence,"$6,306",3519 sqft,Yes,$482,R2852596,,Residential,2007,,"7227 199a St, Langley, BC",4,6,4,23/02/2024,"$1,699,000"
351,Apartment/Condominium,,477 sqft,Yes,"$1,005",R2844484,,Residential,2025,,"509 - 5504 Brydon Cres, Langley, BC",1,1,1,25/01/2024,"$479,500"
352,Multi Family,"$4,600",2425 sqft,Yes,$548,R2845167,,Residential,2024,,"7381 197 St, Langley, BC",3,4,2,26/01/2024,"$1,329,000"
353,Single Family Residence,"$6,352",562 sqft,Yes,"$4,804",R2845211,,Residential,9999,,"5435 203 St, Langley, BC",0,1,0,23/01/2024,"$2,700,000"
354,Single Family Residence,"$4,013",3396 sqft,Yes,$940,R2841548,,Residential,1978,,"21660 76b Ave, Langley, BC",2,4,0,24/01/2024,"$3,195,000"
355,Single Family Residence,"$6,989",1123 sqft,Yes,"$2,404",R2845638,,Residential,9999,,"5445 203 St, Langley, BC",0,1,2,23/01/2024,"$2,700,000"
356,Apartment/Condominium,,477 sqft,Yes,"$1,005",R2844480,,Residential,2025,,"507 - 5504 Brydon Cres, Langley, BC",1,1,1,25/01/2024,"$479,500"
357,Single Family Residence,"$10,972",7169 sqft,Yes,"$1,366",R2844055,,Residential,2019,,"2218 240 St, Langley, BC",8,8,30,23/01/2024,"$9,800,000"
358,Single Family Residence,"$6,715",2021 sqft,Yes,"$2,473",R2817944,,Residential,1979,,"21175 42a Ave, Langley, BC",3,3,8,20/09/2023,"$4,999,000"
359,Single Family Residence,"$8,266",4940 sqft,No,$910,R2817206,,Residential,1990,,"22787 24 Ave, Langley, BC",4,6,4,20/09/2023,"$4,500,000"
360,Apartment/Condominium,,637 sqft,Yes,$875,R2820092,,Residential,2025,,"415 - 5398 207 St, Langley, BC",1,1,1,25/09/2023,"$558,000"
361,Apartment/Condominium,,638 sqft,Yes,$858,R2820090,,Residential,2025,,"307 - 5398 207 St, Langley, BC",1,1,1,25/09/2023,"$548,000"
362,Single Family Residence,"$2,679",4443 sqft,Yes,$461,R2816319,,Residential,2024,,"7521 205 A St, Langley, BC",6,6,4,17/09/2023,"$2,049,000"
363,Single Family Residence,"$9,791",2073 sqft,Yes,"$2,411",R2817937,,Residential,1974,,"21162 43 Ave, Langley, BC",3,3,8,20/09/2023,"$4,999,000"
364,Single Family Residence,"$16,251",3000 sqft,Yes,"$1,166",R2825584,,Residential,1968,,"22970 Highway No 10, Langley, BC",2,4,2,12/10/2023,"$3,500,000"
365,Apartment/Condominium,"$3,072",894 sqft,Yes,$860,R2819501,,Residential,2021,,"A105 - 8150 207 St, Langley, BC",2,2,0,24/09/2023,"$769,000"
366,Single Family Residence,"$8,616",3599 sqft,No,"$4,167",R2742189,,Residential,1985,,"2935 197 A St, Langley, BC",2,4,4,06/12/2022,"$14,999,999"
